,X1,X2,X3,X4,X5,X6,X7,X8,X9,X10,X11,X12,age
0,-4.112,23.601,-0.279,12.591,9.525,36.217,-46.096,-36.500,-51.377,-39.840,-12.857,33.147,60.393
1,-4.811,21.175,-0.448,6.940,10.245,37.328,-47.914,-45.655,-56.239,-41.416,-22.659,40.468,75.286
2,-5.724,28.051,1.048,4.936,9.800,43.477,-42.619,-46.200,-35.063,-45.308,-8.982,32.038,60.966
3,-3.619,27.840,1.833,3.606,13.562,40.309,-48.062,-38.857,-67.840,-41.097,-6.273,18.416,52.830
4,-6.368,12.878,0.742,9.420,10.099,45.458,-46.519,-41.875,-39.054,-42.593,-23.286,20.570,70.335
5,-5.972,15.020,1.509,6.455,7.131,45.379,-52.067,-29.005,-57.684,-42.166,-2.651,21.885,73.706
6,-4.904,17.356,0.839,6.583,11.503,40.794,-43.298,-36.683,-37.412,-29.344,-15.908,46.935,68.863
7,-3.206,25.890,0.866,-0.722,9.647,37.169,-49.453,-26.923,-51.496,-37.617,-7.536,37.108,54.276
8,-5.254,22.909,1.530,11.747,12.937,44.739,-49.370,-43.157,-44.314,-41.287,-11.542,13.589,58.379
9,-5.515,21.610,0.113,6.745,10.631,43.974,-43.585,-37.584,-31.582,-39.681,-20.004,35.688,58.505
10,-6.844,18.800,-1.147,8.277,7.552,43.678,-48.557,-35.461,-47.217,-31.974,-5.552,36.384,75.023
11,-5.404,13.432,1.236,5.604,7.166,40.395,-50.112,-42.966,-38.954,-36.165,-3.633,26.805,67.777
12,-4.521,23.092,4.344,4.007,9.780,38.630,-43.166,-33.883,-41.651,-33.151,-2.762,16.322,56.120
13,-4.729,19.782,2.044,8.341,10.247,37.947,-50.982,-41.868,-44.537,-31.047,-13.057,15.239,65.814
14,-7.385,13.908,3.430,3.450,7.851,41.420,-47.591,-28.073,-51.663,-34.438,-10.365,36.699,76.814
15,-6.404,20.968,1.452,4.524,7.651,45.180,-40.654,-29.098,-26.239,-35.813,-14.157,23.362,69.866
16,-6.316,22.635,1.610,2.674,8.875,37.233,-50.869,-39.564,-40.214,-43.308,-5.688,26.194,67.799
17,-5.121,17.172,0.603,8.072,10.725,40.801,-48.675,-36.804,-56.211,-26.424,2.800,34.038,71.784
18,-4.844,26.226,2.454,10.887,10.477,41.527,-45.470,-31.035,-44.639,-36.004,3.310,47.908,58.573
19,-3.347,28.532,2.298,10.534,7.263,41.861,-46.577,-30.256,-28.152,-32.488,-10.784,11.133,58.185
20,-6.590,19.219,0.838,4.584,12.067,43.024,-47.205,-38.941,-58.729,-26.419,-24.636,13.323,59.450
21,-6.897,13.080,0.272,4.667,12.478,37.869,-49.965,-32.890,-61.243,-27.133,-12.456,38.087,74.353
22,-6.356,17.317,2.279,12.188,11.797,39.256,-42.649,-27.612,-30.675,-39.972,-19.930,46.136,72.074
23,-4.561,28.402,1.805,11.190,11.730,39.555,-48.448,-39.590,-28.853,-46.388,-9.045,15.023,56.589
24,-6.001,18.726,2.258,1.578,10.817,44.365,-41.108,-41.126,-14.726,-31.172,-8.882,45.936,77.179
25,-4.640,19.216,2.255,8.911,8.555,40.819,-39.219,-46.647,-46.286,-29.449,-20.806,39.425,70.235
26,-4.530,24.963,0.466,12.501,13.179,40.895,-46.107,-38.459,-42.350,-40.875,-8.823,23.018,52.006
27,-4.673,20.876,1.696,6.234,9.486,41.488,-47.196,-37.237,-45.294,-39.427,-21.841,24.283,54.062
28,-4.044,21.501,3.117,5.288,13.957,46.362,-37.279,-30.307,-51.121,-46.854,-15.446,35.932,55.237
29,-4.568,13.008,-1.314,1.931,14.543,39.311,-46.810,-26.085,-43.182,-29.768,-3.835,32.639,78.718
30,-5.960,29.586,-1.181,7.376,11.055,35.925,-48.329,-40.442,-29.804,-45.216,-21.789,25.799,71.682
31,-5.613,16.388,1.999,4.782,10.832,37.677,-40.436,-32.262,-55.757,-40.267,-10.100,39.723,79.016
32,-6.791,9.137,2.143,4.756,7.902,44.374,-56.657,-39.797,-39.424,-41.846,-16.865,54.406,78.774
33,-6.465,28.885,0.563,9.108,7.906,39.060,-44.554,-30.434,-35.751,-31.033,-6.502,26.811,64.459
34,-5.235,28.093,2.776,8.042,11.568,40.175,-48.457,-34.247,-44.042,-36.286,-16.553,34.218,55.732
35,-7.113,19.204,-2.503,4.672,9.604,38.652,-49.404,-42.914,-36.440,-43.294,-6.680,37.300,71.731
36,-4.326,28.250,2.862,8.512,12.205,46.257,-44.014,-35.968,-35.154,-31.921,-20.975,23.719,60.046
37,-5.326,23.969,3.649,3.064,10.767,43.126,-45.715,-27.898,-53.278,-42.427,-20.917,4.557,60.774
38,-5.748,17.734,2.900,6.450,10.750,38.531,-37.171,-33.148,-34.892,-42.726,-12.308,38.780,52.975
39,-5.727,24.429,1.487,8.108,9.558,44.280,-37.965,-47.067,-35.550,-23.759,-5.417,27.190,64.999
40,-7.951,29.293,-0.903,2.683,5.678,46.192,-45.170,-37.533,-35.363,-41.341,-13.049,37.350,76.310
41,-5.039,23.889,-0.666,1.857,9.098,47.172,-46.801,-37.720,-56.438,-31.224,-20.610,35.939,69.276
42,-6.118,24.227,2.249,3.415,10.123,39.842,-36.087,-37.132,-37.661,-37.489,-8.862,25.784,59.415
43,-5.730,12.525,1.013,12.452,7.944,39.283,-45.526,-36.327,-50.800,-38.526,-20.796,32.235,73.263
44,-4.784,18.221,4.247,11.456,9.846,40.169,-41.938,-38.795,-61.872,-37.222,-35.722,22.427,58.441
45,-5.774,18.254,0.861,-0.513,8.847,45.685,-41.693,-29.917,-38.885,-35.122,0.540,33.790,79.309
46,-5.369,18.845,2.450,6.341,8.285,45.593,-41.286,-34.410,-46.151,-36.290,-27.995,22.177,56.414
47,-5.772,22.702,-0.276,9.360,10.997,42.633,-49.216,-41.038,-40.908,-37.279,-9.951,16.598,74.642
48,-5.675,23.002,1.710,8.291,11.299,44.080,-45.289,-37.245,-38.714,-31.547,-6.278,26.680,68.921
49,-6.593,12.463,-1.052,8.104,8.207,43.539,-52.388,-30.840,-33.094,-24.253,-2.645,31.058,78.899
50,-5.769,23.522,0.941,6.485,13.487,42.740,-53.330,-30.331,-54.498,-46.423,-18.034,6.814,57.967
51,-6.089,18.743,2.395,-0.248,13.187,37.251,-46.961,-32.937,-53.965,-37.970,-5.079,9.054,73.397
52,-7.285,7.473,1.724,8.090,10.049,38.121,-43.872,-28.310,-40.002,-34.895,-6.066,38.362,75.460
53,-4.686,23.708,1.104,8.562,13.122,41.776,-46.220,-36.002,-51.283,-39.535,-17.421,11.443,54.734
54,-5.911,31.037,3.325,5.291,8.706,43.005,-50.264,-43.016,-51.877,-35.303,0.341,29.600,55.210
55,-6.125,20.268,3.847,5.042,10.598,42.591,-33.226,-37.585,-57.344,-32.555,-28.891,16.009,60.738
56,-5.317,19.061,0.635,9.483,11.098,39.270,-38.707,-34.082,-25.896,-28.832,-6.950,41.784,59.545
57,-3.630,30.282,2.662,8.242,10.320,41.487,-45.002,-34.818,-47.025,-33.575,-40.454,3.082,53.198
58,-5.539,21.568,-0.676,3.585,9.032,34.770,-36.241,-40.946,-48.398,-34.322,-3.657,43.171,68.481
59,-6.198,16.253,0.204,7.829,11.432,37.002,-52.836,-44.632,-41.305,-36.379,-12.454,18.759,69.332
60,-6.209,12.346,-0.134,6.900,12.199,36.628,-36.117,-35.429,-48.001,-37.433,-15.883,29.249,66.409
61,-5.407,12.696,-1.252,4.771,10.161,34.843,-45.478,-41.599,-33.699,-25.013,-28.999,31.968,75.583
62,-5.647,14.760,1.786,9.950,8.715,39.126,-45.819,-42.990,-59.875,-41.083,-0.410,34.191,62.645
63,-6.526,7.876,-0.998,1.973,11.733,40.288,-51.107,-39.211,-58.523,-22.719,-20.600,17.292,79.696
64,-4.906,24.315,0.878,11.577,10.257,43.424,-39.639,-34.547,-58.998,-42.912,-25.207,23.605,52.309
65,-4.872,17.564,0.443,5.803,7.725,43.851,-36.602,-24.637,-29.801,-20.794,-15.625,25.440,77.532
66,-6.226,16.411,0.742,2.807,10.913,35.089,-48.259,-29.734,-41.402,-22.128,-19.681,29.536,74.336
67,-5.609,15.785,3.320,9.295,11.709,38.955,-44.399,-46.883,-34.353,-33.350,-15.886,26.233,66.477
68,-3.019,29.285,0.682,8.470,11.224,44.750,-44.038,-29.644,-37.657,-37.616,-12.765,30.710,55.969
69,-4.822,26.143,2.193,11.769,10.038,34.311,-46.318,-42.217,-35.512,-26.204,-24.946,29.261,57.456
70,-5.362,16.586,1.569,6.493,9.389,44.288,-50.577,-40.768,-46.524,-28.410,-16.109,33.110,70.862
71,-4.352,28.165,0.979,4.947,8.773,43.977,-49.394,-29.606,-47.049,-50.253,-24.213,31.870,65.400
72,-5.682,27.120,2.646,8.553,11.829,46.055,-45.440,-44.804,-48.257,-37.809,-25.040,22.906,64.356
73,-4.952,22.365,1.649,2.468,9.801,45.380,-48.756,-39.424,-52.594,-40.596,-3.782,30.755,69.679
74,-8.020,12.107,1.241,4.353,7.829,42.762,-40.463,-42.708,-33.956,-28.866,-17.388,35.852,79.822
75,-5.814,26.485,2.361,5.623,11.109,45.385,-44.522,-34.588,-37.493,-22.945,-28.905,34.346,66.461
76,-7.212,9.603,0.318,8.582,8.189,43.982,-38.043,-48.028,-41.227,-52.329,-8.081,22.750,69.745
77,-6.619,18.340,2.705,3.629,12.476,42.136,-51.184,-36.915,-42.477,-31.304,-6.496,35.869,69.649
78,-8.251,11.594,2.231,3.211,12.241,42.838,-44.008,-35.321,-36.188,-34.143,-16.351,30.352,79.821
79,-6.749,17.521,0.437,3.907,14.673,42.268,-41.440,-44.503,-44.927,-40.112,-6.203,28.348,78.910
80,-6.570,14.210,1.837,2.603,13.044,45.875,-43.567,-23.520,-54.535,-36.686,-7.112,31.806,75.087
81,-4.404,19.954,2.693,11.245,9.724,43.839,-52.499,-27.598,-42.568,-42.543,-8.423,28.178,56.101
82,-4.633,25.916,1.238,13.464,8.521,43.459,-47.441,-31.244,-42.645,-46.515,-15.764,33.530,60.295
83,-4.217,31.894,2.728,2.080,9.133,37.427,-45.090,-48.095,-48.854,-27.455,-31.151,19.497,59.253
84,-4.325,23.194,3.935,4.369,11.147,44.774,-44.956,-41.825,-63.427,-37.496,-18.431,20.166,55.449
85,-4.946,23.998,0.333,2.729,11.998,38.661,-51.341,-26.301,-48.776,-35.402,-8.300,31.238,75.362
86,-4.657,21.861,1.031,8.457,8.958,38.751,-47.164,-40.564,-55.106,-37.308,-23.380,26.964,66.903
87,-4.673,20.742,1.779,6.591,8.841,45.500,-40.084,-39.058,-20.539,-37.463,-14.395,27.299,66.624
88,-6.163,19.753,0.066,6.040,7.449,43.176,-51.425,-39.196,-34.713,-29.558,-8.153,24.176,78.675
89,-4.503,26.176,4.838,10.500,8.529,39.063,-42.351,-38.952,-53.393,-37.336,-7.723,25.712,53.496
90,-5.759,20.503,-0.914,9.374,9.412,38.851,-46.386,-33.765,-48.772,-35.841,-9.065,15.608,72.236
91,-5.741,14.855,3.582,6.251,10.687,44.505,-42.784,-35.663,-50.205,-42.825,-19.561,13.299,52.005
92,-5.776,21.250,1.660,1.554,8.345,48.779,-49.545,-39.666,-51.204,-36.828,-4.270,23.624,66.140
93,-4.048,22.039,4.686,7.942,9.089,42.710,-35.910,-30.983,-60.546,-42.002,-14.366,22.052,51.201
94,-5.563,17.187,3.056,10.772,6.194,35.385,-43.435,-40.669,-43.771,-31.257,-17.555,9.475,57.634
95,-5.663,19.790,-0.370,6.369,5.469,38.058,-49.155,-37.424,-52.335,-42.122,6.766,33.466,78.695
96,-4.393,20.651,1.542,8.509,12.941,39.989,-51.342,-40.079,-35.353,-39.606,-27.347,19.609,61.336
97,-6.805,17.972,-0.533,3.300,9.978,43.734,-44.095,-28.889,-43.051,-25.444,-16.342,43.431,79.047
98,-6.103,21.679,-0.744,5.608,12.155,35.240,-48.555,-45.928,-18.994,-31.229,-23.955,25.401,71.468
99,-4.975,14.803,0.472,4.128,6.203,40.642,-38.194,-23.044,-65.365,-28.721,-16.240,27.749,69.462
100,-4.234,27.405,1.087,12.010,9.291,44.450,-49.333,-43.870,-61.268,-32.522,-22.861,33.573,55.466
101,-2.963,26.615,0.283,4.996,8.075,39.693,-54.125,-25.687,-45.520,-33.134,-17.012,14.839,50.357
102,-5.354,23.895,3.011,5.303,7.572,38.672,-48.410,-28.237,-42.981,-34.448,-33.105,10.871,55.479
103,-6.432,21.169,2.147,7.062,11.180,39.815,-43.472,-31.407,-42.453,-37.690,-6.825,33.327,77.788
104,-6.700,23.421,4.690,7.820,10.702,39.348,-42.409,-32.780,-48.117,-32.948,-23.586,26.496,56.764
105,-4.889,15.813,0.698,7.178,8.946,40.536,-41.742,-24.417,-27.520,-37.169,-15.505,33.793,63.900
106,-6.172,18.465,4.994,13.459,10.635,46.344,-51.751,-36.058,-46.604,-31.099,-18.011,38.598,53.389
107,-6.541,11.104,1.786,7.931,6.428,40.001,-43.138,-39.709,-44.729,-33.573,-13.892,33.945,76.193
108,-4.268,22.596,0.139,5.263,9.365,40.320,-54.648,-33.656,-39.759,-31.173,-6.930,28.430,62.875
109,-5.673,28.008,1.867,11.793,11.695,40.231,-41.582,-52.115,-46.664,-38.588,-18.043,20.331,53.451
110,-4.690,22.740,2.096,2.969,9.084,37.316,-54.261,-43.281,-51.117,-35.460,-13.748,11.734,57.328
111,-5.270,20.032,0.775,4.432,7.781,40.248,-55.545,-36.736,-53.880,-39.853,-4.802,38.691,65.012
112,-6.305,26.585,3.965,10.569,7.525,43.468,-41.252,-33.802,-43.821,-35.072,-37.691,6.720,57.056
113,-5.747,19.764,2.146,-0.689,7.611,40.242,-48.164,-27.613,-40.358,-44.414,-26.875,24.681,73.341
114,-5.481,30.373,3.040,9.464,13.506,40.265,-52.517,-30.483,-50.027,-32.110,-20.354,12.852,52.369
115,-6.689,15.736,2.037,3.036,10.945,42.972,-41.125,-39.786,-38.039,-26.439,-9.542,50.603,74.994
116,-4.648,26.176,4.859,5.322,12.919,43.442,-39.597,-33.353,-46.817,-38.863,-20.255,9.719,50.169
117,-5.874,14.371,0.713,4.070,7.407,42.036,-37.207,-32.162,-31.661,-31.411,-11.842,34.691,61.465
118,-6.032,24.645,2.154,2.051,10.599,39.213,-42.472,-20.986,-23.006,-32.162,-1.541,28.274,76.397
119,-6.598,9.806,0.898,4.556,10.351,40.053,-52.333,-34.556,-47.542,-20.463,-15.049,27.235,78.341
120,-5.724,23.163,0.331,0.568,9.404,41.782,-44.593,-41.866,-59.598,-43.348,-25.727,15.516,62.324
121,-3.937,22.578,0.623,10.256,14.069,44.224,-41.537,-44.755,-55.251,-40.782,-17.107,16.493,63.174
122,-5.119,23.259,4.261,8.556,11.636,39.673,-46.159,-29.381,-50.423,-41.260,-28.022,4.466,50.374
123,-6.721,25.041,0.398,7.164,13.604,42.873,-41.934,-30.074,-59.796,-26.386,-15.571,21.053,62.397
124,-4.192,21.749,3.172,8.098,9.078,39.993,-35.056,-42.486,-44.423,-42.436,-28.117,18.173,56.654
125,-6.803,14.461,1.511,6.186,8.880,39.910,-49.406,-30.852,-42.618,-21.708,11.415,31.619,77.065
126,-5.706,16.087,-1.236,4.297,6.145,33.771,-38.443,-48.897,-33.396,-27.323,-6.071,39.731,75.858
127,-5.186,17.180,0.583,1.942,8.221,38.895,-35.254,-43.263,-41.422,-34.189,-0.833,51.883,79.794
128,-4.744,22.675,0.930,5.707,9.038,41.805,-45.644,-48.786,-40.542,-32.821,-21.751,32.990,54.715
129,-3.953,23.495,2.926,-0.456,13.606,40.304,-44.982,-34.750,-44.912,-34.100,-20.779,24.584,50.664
130,-5.989,19.840,-0.578,2.519,9.770,43.999,-41.756,-29.465,-57.799,-33.197,6.198,28.957,57.766
131,-4.713,16.736,1.428,5.138,10.099,36.766,-49.253,-46.859,-43.290,-30.295,-14.268,16.112,66.058
132,-5.376,26.519,-1.012,2.396,11.331,45.456,-33.529,-32.585,-30.037,-30.763,-4.371,21.429,63.198
133,-6.560,8.892,1.224,8.235,9.600,39.410,-51.411,-27.783,-47.619,-29.717,-17.031,36.264,73.008
134,-5.980,23.700,3.210,4.489,7.867,42.098,-40.756,-39.969,-36.956,-27.856,-11.474,30.269,70.511
135,-6.111,21.471,-0.096,4.899,10.730,44.273,-42.526,-27.300,-44.487,-33.020,-21.903,23.055,71.148
136,-5.886,19.609,0.410,5.478,9.911,39.814,-53.924,-40.330,-39.852,-40.420,-12.672,17.685,75.851
137,-4.240,22.841,-0.120,11.189,10.725,46.719,-45.910,-44.212,-39.872,-40.485,-9.285,34.928,61.295
138,-6.330,19.406,1.206,4.912,9.034,40.363,-45.549,-37.002,-37.679,-29.241,1.719,26.086,78.210
139,-6.342,22.997,2.277,1.745,6.037,37.223,-38.053,-19.915,-51.956,-43.067,-23.683,30.368,69.837
140,-6.894,15.798,2.136,3.107,10.576,41.587,-51.090,-34.893,-40.171,-39.009,1.328,40.701,75.267
141,-4.505,20.101,-0.968,13.636,9.672,40.130,-48.394,-36.228,-34.433,-48.077,-19.345,35.889,56.391
142,-6.217,15.042,3.122,1.559,9.543,40.587,-46.286,-18.693,-33.986,-30.422,-19.400,27.216,73.906
143,-6.221,19.472,0.135,3.499,9.574,43.576,-45.840,-25.783,-57.245,-21.602,-21.464,23.134,78.168
144,-5.494,12.342,2.605,2.485,8.004,40.034,-40.746,-31.623,-42.576,-39.423,0.550,29.482,68.329
145,-5.692,27.375,3.139,2.405,9.825,39.082,-34.104,-37.361,-46.688,-50.886,-8.514,39.559,64.332
146,-6.492,25.425,3.061,4.619,10.946,40.730,-43.440,-37.386,-25.453,-28.753,-24.870,25.181,60.404
147,-6.219,24.945,3.388,4.026,10.438,39.109,-43.465,-32.427,-68.841,-43.489,-8.818,31.138,62.317
148,-4.434,26.774,1.184,6.920,6.671,38.432,-56.604,-42.608,-36.941,-26.842,-20.104,32.817,59.660
149,-7.973,22.396,2.180,6.478,11.555,38.307,-42.942,-33.859,-54.397,-32.583,0.122,10.718,57.615
150,-6.264,20.270,-1.773,3.004,9.516,40.704,-35.504,-31.362,-38.850,-34.321,-13.211,28.262,67.423
151,-6.921,15.932,2.726,3.408,12.197,31.719,-44.040,-35.026,-46.666,-26.713,-2.587,9.450,66.738
152,-3.266,18.682,1.958,6.922,10.111,42.773,-55.245,-40.415,-38.105,-39.399,-11.505,18.489,53.013
153,-5.492,29.204,2.454,4.251,9.950,43.149,-40.149,-37.729,-33.695,-28.698,-19.131,24.811,63.125
154,-4.989,15.371,2.151,8.240,6.227,39.854,-49.799,-37.037,-42.791,-40.360,-20.742,31.581,67.298
155,-5.791,32.596,3.129,9.718,12.772,39.036,-44.611,-31.566,-50.895,-29.810,-12.219,22.021,51.460
156,-5.279,21.592,1.579,6.710,9.003,35.559,-46.709,-41.388,-39.812,-34.920,-16.150,28.625,70.686
157,-4.911,17.317,-0.340,6.741,10.534,42.763,-46.434,-50.051,-43.561,-38.286,-24.192,28.916,66.200
158,-5.987,25.071,2.431,10.014,10.309,41.852,-38.575,-45.224,-52.635,-30.997,-17.422,39.264,62.017
159,-4.172,20.208,1.013,4.610,9.617,43.549,-48.850,-41.405,-43.002,-49.600,-12.937,30.570,68.477
160,-4.864,6.546,1.007,3.777,9.443,36.764,-47.397,-37.521,-49.672,-28.875,-41.705,35.888,73.341
161,-4.352,22.662,3.419,7.756,13.494,39.373,-42.594,-31.630,-41.815,-40.390,-0.323,19.910,60.513
162,-4.805,23.870,-1.838,10.241,10.883,46.463,-41.265,-35.141,-42.481,-38.835,-15.081,36.347,67.867
163,-5.727,23.079,2.594,10.080,11.151,46.832,-38.493,-41.782,-47.646,-29.954,-17.640,39.432,65.146
164,-5.537,25.527,-1.847,7.641,8.523,39.589,-38.499,-34.634,-34.597,-37.369,-14.095,39.814,66.923
165,-6.316,9.359,1.728,4.699,14.230,37.594,-33.213,-36.401,-59.941,-42.486,-14.666,29.073,64.759
166,-6.789,14.190,-0.551,2.974,10.379,44.052,-42.244,-40.505,-15.431,-40.124,5.752,15.316,79.529
167,-4.901,28.988,0.628,-0.702,8.561,42.074,-45.254,-44.113,-55.148,-43.572,-11.770,24.484,58.624
168,-5.493,16.409,3.286,8.840,11.273,39.634,-52.388,-35.579,-52.853,-40.639,-25.860,26.213,60.617
169,-5.808,19.365,2.545,9.620,10.979,46.014,-44.894,-34.293,-35.164,-42.498,2.266,28.842,67.210
170,-4.327,19.608,2.840,10.004,10.125,40.205,-36.573,-35.858,-56.237,-43.535,-36.294,15.764,52.988
171,-6.417,20.259,4.810,10.194,7.937,42.703,-47.831,-32.269,-39.318,-23.328,-18.136,22.280,79.978
172,-7.335,17.081,0.401,6.323,10.392,41.054,-39.105,-42.221,-51.002,-35.630,-10.615,9.323,75.314
173,-5.541,25.079,-1.819,1.158,11.793,39.661,-47.113,-37.325,-34.593,-39.693,-7.646,20.995,58.040
174,-3.809,22.334,2.427,7.314,11.647,39.784,-40.038,-54.269,-33.580,-35.905,-26.962,47.786,61.016
175,-5.277,24.823,2.142,6.359,9.103,43.824,-51.618,-49.287,-53.516,-27.665,-10.372,17.819,58.876
176,-5.602,22.832,3.905,4.975,9.427,43.795,-36.221,-30.846,-56.305,-39.219,-11.545,26.537,60.619
177,-5.532,25.716,4.292,6.119,9.626,37.119,-40.872,-40.990,-43.591,-39.580,-23.948,28.486,56.012
178,-6.699,25.064,0.782,6.800,8.106,40.601,-38.304,-36.274,-46.237,-34.127,-15.745,32.171,67.152
179,-7.037,20.088,-1.042,2.487,9.349,38.079,-37.618,-38.862,-51.269,-33.197,-11.338,29.714,77.734
180,-6.366,12.262,0.162,0.410,11.234,38.091,-41.022,-39.505,-56.932,-34.330,-8.360,31.505,79.981
181,-4.489,24.049,-0.003,2.201,13.311,41.262,-50.119,-36.971,-40.553,-37.333,-13.533,18.042,70.089
182,-5.859,18.049,3.394,10.721,12.211,41.467,-45.688,-37.197,-47.765,-44.947,-6.316,35.171,64.529
183,-5.918,28.847,1.351,2.628,8.146,38.385,-45.556,-42.227,-48.927,-47.969,-5.515,22.909,52.913
184,-3.044,20.868,2.801,5.059,11.454,41.611,-42.046,-28.402,-40.868,-45.899,-24.038,21.751,54.407
185,-5.013,26.181,4.467,6.021,9.966,39.200,-51.121,-33.594,-51.980,-42.805,-19.323,16.941,50.102
186,-4.190,24.624,2.471,9.117,11.902,42.526,-46.433,-38.554,-38.127,-31.280,-12.949,32.799,50.318
187,-7.592,18.751,-0.744,-0.093,8.527,39.556,-35.319,-33.932,-43.969,-38.083,-20.435,25.961,76.876
188,-5.244,22.979,2.569,8.423,9.864,40.560,-46.224,-27.657,-49.916,-42.303,-19.818,25.564,60.068
189,-7.155,14.265,0.627,9.300,10.597,38.773,-44.078,-39.327,-52.871,-38.043,-6.311,20.850,76.313
190,-4.645,23.453,1.548,5.659,11.643,34.602,-52.265,-36.234,-52.244,-32.776,-18.207,47.134,64.395
191,-6.552,9.501,1.715,6.908,11.923,38.139,-43.164,-26.308,-32.771,-46.307,-16.481,23.208,77.488
192,-3.818,33.969,0.978,19.397,13.245,46.746,-45.206,-45.529,-37.436,-41.990,-30.737,21.351,51.816
193,-5.997,29.818,3.791,6.264,8.858,42.080,-39.157,-32.676,-43.604,-41.113,-3.993,40.163,50.348
194,-5.990,20.110,1.398,4.627,8.742,43.097,-47.074,-27.960,-53.504,-25.546,-15.829,14.407,61.324
195,-3.445,25.048,0.807,11.014,9.656,40.409,-39.101,-45.475,-47.281,-38.619,-18.198,36.472,62.202
196,-6.768,20.476,-0.317,-0.049,6.305,42.654,-47.349,-44.773,-43.325,-23.701,-7.515,35.940,71.587
197,-6.564,20.895,-0.498,8.542,13.872,41.933,-40.489,-37.769,-33.864,-34.407,-7.236,24.698,66.006
198,-6.403,12.764,0.679,5.352,12.497,42.522,-50.785,-40.363,-46.621,-45.912,-12.424,34.332,78.737
199,-6.255,16.060,-0.997,5.598,11.311,43.821,-43.443,-38.434,-36.613,-28.987,-15.380,48.361,66.147
200,-6.408,13.628,3.224,5.239,10.259,39.992,-37.270,-36.621,-33.782,-33.282,-9.157,36.454,77.554
201,-6.983,16.202,0.634,0.882,14.035,39.720,-50.972,-46.454,-37.632,-31.708,-19.758,42.239,79.389
202,-4.889,14.695,2.064,4.281,11.314,37.704,-44.037,-37.374,-55.224,-37.215,1.479,35.053,69.484
203,-6.456,9.760,0.512,5.823,8.416,41.047,-40.228,-33.889,-41.826,-38.914,7.146,17.825,77.067
204,-5.741,24.386,2.374,8.974,10.860,43.419,-51.141,-44.089,-47.524,-47.118,-11.269,39.496,73.961
205,-5.579,20.838,0.597,3.670,8.786,42.417,-38.296,-35.314,-48.688,-45.041,-3.055,38.345,69.235
206,-4.427,27.162,0.884,5.018,10.481,39.551,-46.440,-43.712,-47.879,-46.488,-29.260,34.601,60.886
207,-3.990,14.649,1.940,2.899,12.967,39.490,-42.192,-39.073,-39.282,-31.125,-36.289,34.928,55.701
208,-4.492,22.705,1.722,12.078,9.612,36.277,-43.617,-37.536,-25.501,-49.714,-20.859,10.753,52.037
209,-3.032,21.946,4.330,8.167,12.206,41.299,-42.568,-28.579,-27.897,-40.250,-12.789,11.496,52.832
210,-6.538,26.319,1.030,1.732,8.149,41.995,-46.460,-36.945,-52.702,-34.890,-26.074,37.490,66.397
211,-5.130,7.617,0.158,5.063,7.992,35.735,-50.184,-40.361,-63.667,-29.101,-8.289,24.486,68.160
212,-4.126,23.551,1.387,4.697,10.522,38.966,-47.759,-44.909,-45.720,-44.123,9.681,30.912,75.488
213,-6.448,31.939,0.656,0.172,5.561,46.366,-40.795,-44.851,-60.259,-45.259,-30.129,36.393,63.345
214,-3.902,23.143,-0.732,4.549,12.451,41.348,-42.617,-42.202,-42.914,-33.956,-19.245,20.798,63.492
215,-5.448,23.330,-0.148,7.818,9.392,43.077,-41.086,-42.890,-47.860,-34.616,-10.428,29.837,65.823
216,-4.093,26.360,1.714,8.760,12.147,39.847,-43.548,-28.029,-47.675,-26.929,-0.323,36.172,58.332
217,-3.118,22.405,2.920,7.184,10.743,42.257,-45.793,-38.731,-52.327,-46.212,-21.468,0.660,51.851
218,-5.085,19.534,-0.327,7.183,8.695,35.689,-48.213,-36.371,-55.893,-26.212,-20.899,30.078,69.965
219,-4.985,24.026,3.227,5.265,11.268,39.368,-46.791,-28.297,-25.070,-24.374,-24.475,13.527,54.650
220,-6.531,19.531,2.992,11.921,9.055,38.118,-46.890,-47.857,-50.732,-33.962,-29.438,32.644,63.283
221,-6.766,11.823,-0.060,3.215,7.451,39.983,-48.684,-45.600,-41.470,-30.179,-13.234,40.204,71.871
222,-4.196,27.749,0.549,7.631,12.291,41.848,-56.082,-41.011,-46.623,-31.532,-18.633,32.206,50.920
223,-4.626,21.189,4.990,7.994,11.360,42.165,-42.486,-34.877,-47.890,-35.301,-33.598,23.067,57.952
224,-5.572,20.030,1.631,7.389,9.201,43.245,-45.519,-33.331,-44.645,-32.771,-19.440,29.264,63.177
225,-4.127,28.024,1.770,5.401,12.671,41.967,-45.632,-37.071,-50.921,-47.164,-25.203,27.142,52.946
226,-5.430,28.092,4.581,5.507,11.127,43.531,-43.962,-37.596,-32.970,-28.027,-10.713,12.362,54.536
227,-6.390,18.952,2.703,5.073,12.747,41.203,-41.935,-32.337,-56.088,-44.115,-13.613,35.150,62.571
228,-4.321,24.657,3.394,10.339,12.024,42.270,-40.545,-35.563,-34.900,-40.119,-12.163,24.289,54.237
229,-5.435,23.015,3.841,3.055,7.039,40.722,-41.050,-34.474,-42.297,-30.608,-21.505,34.293,64.138
230,-4.827,18.735,0.840,3.214,10.360,46.880,-46.767,-46.543,-49.843,-35.549,-8.817,21.242,65.943
231,-5.976,12.932,0.453,5.784,8.205,41.753,-55.286,-42.937,-47.979,-31.310,-8.886,17.087,79.688
232,-4.620,22.247,0.549,6.746,13.244,40.594,-52.980,-52.225,-51.135,-47.217,-26.516,7.708,50.040
233,-6.556,15.218,0.813,3.666,12.108,40.220,-41.125,-28.001,-54.940,-41.736,-28.052,22.599,59.893
234,-4.897,15.763,0.693,3.217,10.001,39.259,-36.816,-38.818,-30.517,-35.089,-13.575,38.663,71.721
235,-4.754,21.451,3.551,8.614,11.476,43.697,-46.218,-44.288,-44.036,-34.142,-25.608,7.044,53.437
236,-5.285,20.369,-0.986,4.569,9.755,39.635,-50.299,-31.355,-34.646,-32.133,-1.686,33.516,75.720
237,-3.885,25.143,-1.888,7.045,9.483,49.277,-49.697,-38.170,-39.961,-46.549,-15.270,22.482,53.155
238,-6.573,22.055,0.144,7.507,11.161,42.185,-42.291,-41.272,-38.272,-44.035,-17.000,21.633,61.462
239,-4.500,16.123,0.828,7.316,9.401,37.990,-44.819,-34.971,-46.010,-32.914,-12.859,10.453,66.082
240,-4.320,20.739,4.457,9.475,11.109,37.223,-44.414,-36.341,-47.439,-34.699,-30.275,22.897,56.785
241,-6.848,23.802,1.845,7.845,10.163,37.437,-41.042,-33.043,-48.616,-38.895,-17.956,26.571,70.471
242,-5.444,18.750,-1.312,11.566,8.774,41.197,-48.449,-45.612,-53.803,-35.859,-4.755,25.433,67.548
243,-4.430,20.609,3.225,11.163,11.431,38.638,-46.445,-35.098,-49.654,-35.949,-10.683,18.664,57.601
244,-4.365,21.792,3.342,13.617,9.360,39.514,-46.883,-34.692,-27.095,-35.429,-30.641,9.602,53.734
245,-6.368,12.360,2.064,10.804,9.872,35.216,-47.550,-31.076,-54.481,-23.584,-23.181,44.565,74.131
246,-3.904,20.488,0.598,7.107,7.539,38.849,-47.853,-31.815,-62.974,-46.032,1.766,48.765,65.792
247,-5.002,21.221,0.650,2.210,10.317,34.750,-41.291,-31.938,-48.268,-23.995,-21.081,14.566,57.906
248,-5.541,12.056,0.809,5.025,8.484,38.901,-37.814,-28.547,-37.339,-43.999,-16.856,22.908,65.193
249,-4.898,17.265,0.377,4.253,9.721,41.346,-36.112,-36.312,-59.783,-33.116,-16.481,33.997,77.541
250,-5.154,33.175,2.413,11.075,10.401,49.480,-46.771,-33.758,-39.585,-38.876,-21.318,11.632,50.157
251,-4.731,14.704,-0.374,2.297,10.246,39.163,-49.904,-25.782,-45.041,-33.267,-14.261,17.526,78.030
252,-4.976,21.805,0.045,7.743,11.660,36.005,-37.511,-37.826,-39.610,-30.336,-13.151,28.919,74.481
253,-5.484,18.970,1.948,1.183,12.547,38.406,-47.637,-32.716,-44.500,-33.133,-17.781,12.823,60.053
254,-4.196,23.912,0.983,0.260,9.941,48.058,-44.768,-43.280,-60.084,-28.447,-30.995,23.040,59.063
255,-5.898,23.061,1.611,9.606,9.567,42.354,-38.912,-39.478,-51.106,-41.382,-7.071,4.650,59.353
256,-6.936,21.934,-0.254,2.006,8.914,45.227,-47.720,-36.391,-65.597,-20.369,-23.572,17.608,76.083
257,-3.872,24.340,-2.387,6.658,8.034,43.266,-47.096,-30.287,-52.521,-36.290,-25.951,29.260,59.239
258,-3.960,24.710,0.836,7.848,13.423,43.520,-31.810,-35.068,-48.088,-38.915,-27.544,20.308,54.878
259,-6.377,20.348,0.264,10.128,9.554,41.034,-43.957,-39.608,-15.606,-32.772,5.151,28.862,78.334
260,-5.346,25.451,0.544,5.121,9.613,45.297,-52.215,-35.487,-49.968,-43.308,-6.351,29.653,61.110
261,-6.750,13.825,1.199,10.303,10.279,45.406,-48.501,-37.111,-34.304,-49.382,-3.964,31.789,78.035
262,-4.604,24.672,1.537,10.676,8.772,40.460,-45.219,-33.381,-43.194,-31.573,-19.826,22.219,52.019
263,-4.862,12.162,1.493,8.345,6.730,42.787,-43.860,-32.392,-42.060,-39.849,-21.064,1.726,54.745
264,-5.745,14.213,2.280,5.167,11.944,44.617,-42.763,-39.742,-46.515,-35.031,-13.932,20.805,79.803
265,-3.037,22.691,3.141,11.231,9.477,43.779,-58.253,-36.839,-30.447,-34.308,-12.090,29.791,54.915
266,-6.083,23.683,3.457,8.420,5.796,42.933,-40.842,-49.647,-41.270,-36.172,-8.665,16.676,60.053
267,-5.543,21.332,1.168,6.665,10.720,42.032,-53.815,-44.786,-19.875,-38.157,-17.993,14.586,63.283
268,-5.514,37.952,1.325,11.368,11.383,35.893,-47.532,-40.119,-57.867,-32.329,-14.565,26.070,58.494
269,-6.024,27.067,2.035,8.449,11.789,43.707,-47.462,-42.546,-39.921,-33.816,-3.699,25.066,62.267
270,-5.724,24.918,2.371,6.873,8.593,43.251,-46.265,-37.407,-38.514,-28.024,-12.950,42.668,75.814
271,-5.417,28.068,-0.050,2.167,9.962,39.167,-42.921,-38.051,-38.000,-31.812,-28.523,17.552,59.051
272,-4.265,27.349,0.610,5.029,9.857,41.785,-41.743,-32.294,-34.605,-29.645,-21.223,7.877,52.593
273,-5.751,18.696,-0.819,-1.153,9.569,39.582,-43.657,-43.074,-42.046,-31.428,-7.113,33.667,74.716
274,-6.923,17.634,-1.736,5.535,10.324,36.212,-53.432,-41.579,-42.422,-35.324,-19.941,27.160,72.900
275,-4.358,22.998,3.028,10.020,11.322,42.735,-46.149,-42.677,-68.208,-39.404,-17.466,23.875,57.622
276,-4.780,19.670,0.182,2.734,11.198,37.563,-51.272,-32.168,-38.516,-42.185,-9.832,29.565,59.869
277,-3.715,29.766,1.503,9.303,10.173,37.900,-42.563,-33.574,-36.856,-40.542,-14.329,12.174,55.347
278,-5.380,7.626,1.648,6.934,8.259,41.598,-39.160,-37.647,-42.789,-32.066,-29.508,32.616,74.139
279,-6.439,14.169,-0.139,6.540,11.137,33.574,-46.898,-29.589,-53.120,-34.262,-9.304,37.422,78.377
280,-5.140,25.508,3.831,7.449,9.873,44.669,-43.899,-42.172,-64.735,-27.793,-25.124,18.528,53.747
281,-5.229,23.705,2.292,9.832,7.509,35.258,-46.287,-28.298,-52.082,-33.346,-14.474,12.351,64.792
282,-6.093,21.793,3.766,9.894,10.781,43.649,-44.221,-33.807,-46.134,-31.932,-22.485,21.359,61.363
283,-4.750,16.039,-0.708,6.315,11.293,43.272,-41.126,-47.621,-54.057,-36.454,-34.026,29.960,60.229
284,-5.252,16.256,-0.255,1.053,8.567,42.236,-42.649,-38.775,-27.703,-34.844,-22.628,35.362,78.307
285,-6.726,18.139,-1.356,0.373,10.249,43.141,-44.344,-37.073,-31.478,-30.939,-9.830,18.901,72.901
286,-4.988,31.884,4.618,5.859,10.175,39.427,-44.101,-34.316,-46.774,-42.958,-12.278,35.781,57.655
287,-4.900,13.077,4.264,5.409,9.419,42.325,-37.321,-37.479,-40.669,-41.091,-20.814,43.480,65.596
288,-4.919,24.650,5.305,8.800,9.721,37.560,-33.986,-24.237,-29.411,-47.313,-16.270,29.366,50.410
289,-4.841,28.027,1.456,5.302,8.348,37.076,-54.776,-44.687,-52.512,-32.260,-22.246,20.694,70.957
290,-5.781,14.226,0.418,3.776,9.151,34.156,-49.914,-42.867,-44.974,-29.953,-21.196,42.832,76.819
291,-4.166,21.695,4.964,4.100,13.541,35.820,-54.022,-48.865,-59.428,-30.471,-20.089,14.170,63.327
292,-5.181,25.453,1.096,1.346,8.477,43.988,-45.636,-45.033,-61.192,-29.467,-4.735,29.578,69.904
293,-5.091,32.537,4.300,9.665,10.658,46.596,-45.813,-38.121,-53.897,-24.510,-7.053,6.740,54.820
294,-3.841,35.054,3.925,9.718,10.256,37.825,-39.678,-47.311,-44.642,-43.941,-21.569,36.992,51.044
295,-5.003,23.568,-1.445,-0.887,6.394,37.078,-49.062,-40.522,-44.399,-29.713,-26.020,47.807,68.841
296,-3.654,27.468,0.856,8.930,10.491,44.644,-49.295,-29.771,-51.487,-40.959,-11.261,21.341,59.637
297,-5.552,16.588,3.094,6.278,11.236,45.527,-43.203,-29.711,-56.672,-46.478,-9.663,21.931,60.894
298,-4.605,24.641,1.074,5.341,11.860,42.221,-39.058,-35.243,-25.367,-28.984,-13.364,37.283,74.007
299,-5.221,23.754,2.050,7.613,11.604,48.306,-46.332,-35.802,-47.766,-27.220,-12.948,40.502,66.947
300,-6.199,21.299,1.654,-3.792,9.514,43.199,-42.590,-38.493,-48.901,-41.331,-32.067,10.155,62.528
301,-4.452,16.942,4.643,4.285,10.340,44.434,-45.116,-41.219,-46.742,-30.632,-22.630,2.830,53.297
302,-4.742,26.080,4.166,11.365,11.076,39.986,-37.373,-30.532,-10.195,-30.959,-29.445,10.389,52.670
303,-3.941,23.893,2.150,7.277,11.864,41.072,-50.970,-22.491,-28.374,-36.832,-24.983,28.318,54.073
304,-3.636,26.121,2.925,9.092,12.437,40.278,-44.292,-47.601,-43.542,-37.534,-24.941,11.303,54.973
305,-6.110,20.760,1.244,12.580,8.646,37.608,-43.545,-40.915,-41.906,-35.133,-18.483,36.929,64.666
306,-5.515,23.508,0.937,4.537,9.499,38.677,-36.921,-39.008,-54.706,-42.961,-6.752,22.760,67.172
307,-4.773,20.891,2.247,1.641,11.231,42.359,-53.930,-38.452,-37.637,-29.768,-23.841,14.827,54.410
308,-5.373,24.628,3.103,2.814,11.100,39.253,-37.470,-41.001,-30.783,-28.647,-17.627,17.655,69.112
309,-6.334,11.133,-1.818,3.784,10.961,42.288,-34.540,-40.743,-37.033,-38.337,-20.267,32.568,78.742
310,-6.864,21.692,1.834,12.063,9.231,41.397,-46.859,-43.203,-65.869,-32.226,2.105,42.730,69.219
311,-3.480,21.372,4.087,8.582,8.895,40.649,-45.566,-36.958,-39.494,-37.583,-23.411,32.503,57.590
312,-4.466,20.410,1.889,2.516,9.563,40.272,-48.759,-36.628,-55.389,-42.294,-22.398,16.893,58.359
313,-3.387,21.364,3.553,5.372,11.690,45.621,-46.888,-24.771,-46.143,-42.219,-7.780,16.736,55.733
314,-6.252,22.283,-2.108,7.285,7.726,42.903,-42.699,-37.561,-37.330,-36.703,-27.780,32.302,67.675
315,-3.905,17.043,1.642,5.787,11.278,40.788,-49.523,-37.811,-35.940,-34.252,-34.881,14.646,60.701
316,-5.947,27.435,1.957,9.425,8.675,43.398,-51.540,-34.837,-47.113,-36.058,-18.111,19.586,70.472
317,-5.902,30.464,2.353,6.600,9.372,42.164,-46.272,-32.107,-68.917,-30.920,-19.030,15.066,51.029
318,-4.133,22.879,1.326,4.319,9.926,43.399,-35.267,-34.220,-52.091,-40.778,-22.344,32.324,57.342
319,-3.124,28.298,1.939,8.574,12.497,42.349,-49.334,-41.383,-46.685,-46.445,-21.109,25.704,55.964
320,-6.581,23.461,0.552,7.708,10.718,39.472,-45.281,-43.059,-41.510,-34.742,-15.476,48.377,71.493
321,-6.465,9.846,2.379,8.050,8.555,38.759,-43.476,-46.826,-49.510,-24.691,-13.342,26.955,74.686
322,-5.630,23.929,2.926,10.235,10.346,44.053,-47.851,-44.399,-38.935,-40.317,-5.393,29.287,57.353
323,-3.171,22.003,2.925,6.718,11.950,40.351,-45.205,-42.983,-52.257,-37.631,-26.534,32.039,63.977
324,-4.757,22.868,3.026,12.518,8.184,39.013,-45.953,-29.133,-39.557,-31.525,-10.793,25.313,66.357
325,-3.891,22.311,4.088,11.991,10.602,34.827,-48.232,-28.680,-52.488,-28.384,-20.125,16.688,53.175
326,-5.239,21.543,0.370,6.986,11.171,35.508,-47.567,-40.229,-41.493,-40.283,-3.954,39.621,76.919
327,-3.467,18.959,1.624,9.651,9.338,39.786,-47.235,-45.966,-53.175,-39.000,-3.841,29.207,69.598
328,-6.541,24.153,0.523,6.020,8.074,42.689,-51.646,-34.283,-37.643,-39.089,-26.709,20.456,61.741
329,-4.985,22.268,2.238,9.583,10.962,42.293,-39.092,-34.603,-45.676,-36.431,-17.629,26.774,50.701
330,-6.255,15.989,0.268,6.510,11.948,42.719,-41.950,-42.301,-46.565,-35.710,-12.452,16.067,71.904
331,-5.087,25.524,2.968,10.700,8.591,41.620,-42.102,-39.891,-41.421,-37.963,-37.200,24.001,52.476
332,-4.783,30.578,3.662,6.206,11.755,42.554,-39.782,-25.353,-40.772,-46.410,-17.675,27.608,59.793
333,-5.674,23.859,2.586,3.150,9.001,44.226,-50.776,-33.304,-40.071,-22.328,-26.140,20.434,63.200
334,-6.025,17.089,1.364,4.739,9.979,45.866,-49.827,-30.092,-34.826,-38.574,-11.210,24.635,70.038
335,-5.083,17.961,1.338,10.177,9.677,42.096,-41.923,-35.928,-61.446,-35.844,-19.393,39.942,67.124
336,-3.220,24.039,0.836,5.406,9.654,45.441,-48.614,-17.370,-23.978,-36.407,-32.277,28.409,58.765
337,-6.535,16.912,-1.399,6.223,11.943,42.641,-57.731,-37.135,-25.814,-35.096,-11.421,44.289,79.014
338,-6.458,21.972,3.802,1.883,8.171,39.324,-56.052,-36.847,-59.794,-34.555,-17.180,34.800,71.265
339,-4.986,19.065,1.976,5.283,10.928,42.242,-43.704,-40.699,-52.803,-33.765,-6.025,23.340,78.635
340,-5.741,26.709,0.312,8.088,7.403,40.563,-43.433,-31.835,-44.015,-37.986,-21.402,31.077,67.662
341,-5.376,19.099,1.565,9.126,10.025,39.701,-35.716,-33.670,-54.393,-40.840,-4.366,32.689,69.921
342,-6.077,19.494,1.347,4.705,11.172,41.224,-39.914,-34.028,-38.129,-38.440,-14.626,13.985,61.605
343,-5.544,23.188,2.708,14.259,10.369,43.588,-40.501,-36.944,-43.100,-48.293,-18.702,16.608,64.906
344,-5.313,23.840,1.332,8.739,10.212,41.847,-40.719,-24.145,-44.153,-45.100,-30.984,23.708,50.772
345,-4.953,25.398,2.718,7.910,8.825,39.858,-47.016,-30.269,-54.286,-42.882,-8.112,18.019,60.060
346,-3.488,20.599,1.221,11.006,10.672,42.028,-57.052,-29.666,-51.091,-34.336,-34.358,22.306,54.551
347,-6.319,21.829,3.032,5.374,10.128,43.234,-45.281,-42.264,-51.194,-28.338,-10.465,24.900,64.882
348,-5.887,24.414,2.416,7.414,10.232,41.474,-52.591,-44.534,-51.899,-39.525,-16.291,22.004,56.120
349,-6.340,18.591,1.537,8.931,8.448,40.022,-52.555,-24.900,-25.816,-36.235,-8.430,38.571,74.141
350,-5.193,26.685,1.360,10.008,11.400,44.200,-39.857,-30.997,-50.667,-31.823,-32.410,15.026,53.471
351,-5.485,19.716,1.840,11.398,11.099,42.718,-52.181,-31.956,-53.246,-29.001,-7.125,32.740,68.471
352,-6.140,14.716,0.435,-0.245,6.483,43.367,-51.359,-36.234,-26.422,-39.752,-15.083,30.941,74.980
353,-6.808,18.058,2.197,3.046,11.857,39.543,-49.248,-43.188,-46.059,-39.579,-6.429,29.325,64.790
354,-4.554,24.517,0.356,9.347,13.268,44.566,-47.608,-23.861,-46.652,-49.085,-19.347,9.245,53.004
355,-6.719,14.958,2.686,7.150,9.654,36.778,-32.547,-44.512,-55.248,-42.347,4.393,29.658,71.805
356,-4.209,20.349,3.666,3.027,11.723,42.116,-46.496,-28.320,-49.850,-32.636,-27.993,32.733,59.674
357,-5.851,15.934,3.627,-0.254,7.552,40.104,-35.435,-30.927,-56.918,-30.066,-5.503,27.732,69.409
358,-6.513,10.582,1.702,5.493,7.544,47.485,-45.431,-39.025,-50.946,-33.097,-22.755,38.022,73.902
359,-6.529,23.405,0.817,11.671,9.521,36.213,-44.286,-32.541,-64.147,-40.877,-29.397,23.939,53.789
360,-4.864,32.080,3.782,5.289,10.125,41.341,-38.281,-33.098,-47.562,-34.830,-17.211,17.178,50.758
361,-6.781,10.661,3.318,2.792,5.410,40.895,-35.364,-39.580,-37.393,-34.578,-15.994,54.287,74.992
362,-5.132,20.700,-0.024,3.723,7.696,33.150,-41.501,-26.770,-48.995,-35.808,-0.488,18.429,58.480
363,-3.873,26.082,4.052,8.332,12.423,38.504,-38.019,-42.327,-44.391,-36.625,-7.571,19.243,50.057
364,-5.735,19.302,0.498,-0.579,9.811,40.997,-41.927,-44.406,-39.165,-29.785,1.435,20.182,75.724
365,-6.266,25.857,2.877,8.584,8.410,37.405,-42.179,-30.497,-37.980,-29.083,-17.057,24.249,59.945
366,-6.562,17.270,1.822,11.587,8.771,43.312,-45.931,-41.152,-52.187,-40.318,-17.595,24.708,55.224
367,-6.112,19.243,2.822,7.456,9.563,42.465,-51.396,-50.842,-43.910,-30.721,-21.310,21.236,68.519
368,-5.233,18.318,0.228,9.427,6.675,36.372,-38.184,-47.055,-57.436,-32.281,-23.948,32.774,60.986
369,-4.309,23.056,0.198,5.925,11.012,42.658,-44.063,-46.515,-44.733,-33.084,-10.613,16.247,60.597
370,-7.428,20.385,-0.897,11.268,11.273,43.446,-49.499,-26.272,-46.812,-31.792,-10.974,19.306,62.543
371,-4.817,16.951,4.173,6.343,10.313,43.983,-50.154,-42.412,-39.151,-25.904,-17.366,20.044,55.413
372,-5.003,22.890,2.448,10.371,11.807,43.106,-48.109,-34.114,-67.103,-34.880,-4.399,32.173,68.747
373,-4.846,19.593,-1.577,4.519,13.445,41.279,-53.072,-44.869,-30.041,-38.359,-18.457,22.832,65.373
374,-5.442,11.462,2.067,9.756,6.562,41.301,-46.717,-33.174,-31.559,-42.669,-22.681,42.615,76.246
375,-3.462,22.803,3.065,5.445,11.709,43.963,-43.228,-33.282,-36.888,-40.733,-6.683,32.329,58.905
376,-7.103,20.958,0.413,4.099,11.748,42.991,-49.095,-42.109,-31.007,-45.236,-15.191,27.476,79.902
377,-4.278,21.871,3.385,8.538,10.802,40.627,-45.009,-49.010,-43.025,-55.685,-6.355,31.553,50.856
378,-6.536,9.659,0.221,3.942,7.558,42.774,-34.417,-35.905,-66.165,-26.622,-0.480,33.341,75.108
379,-5.710,20.833,0.944,-1.069,9.941,42.541,-43.588,-26.779,-54.546,-27.600,-15.242,31.031,73.145
380,-4.844,29.030,3.501,10.010,10.116,42.345,-58.028,-40.995,-43.929,-42.429,-14.717,38.562,50.239
381,-4.786,23.604,3.299,5.954,12.228,41.060,-36.596,-39.342,-45.708,-39.453,-30.397,16.454,63.701
382,-6.654,24.692,1.541,8.901,11.416,40.436,-49.554,-36.931,-27.077,-47.198,-20.833,26.620,66.646
383,-6.795,15.127,0.460,2.212,6.818,41.962,-42.133,-49.194,-47.894,-29.635,-17.239,45.055,79.195
384,-5.851,19.952,-0.289,7.333,9.507,35.789,-46.462,-26.211,-37.122,-37.708,-4.939,40.086,70.095
385,-4.851,24.534,2.085,8.600,15.864,37.981,-41.758,-31.624,-37.883,-34.654,-20.192,17.657,52.419
386,-4.192,13.881,0.500,5.937,9.297,41.609,-43.925,-36.395,-51.364,-35.818,-9.385,23.435,69.308
387,-4.880,6.015,0.003,10.520,9.671,37.712,-43.532,-30.448,-35.966,-26.337,-3.936,44.006,78.256
388,-6.971,9.432,3.520,9.552,9.014,38.213,-42.910,-27.343,-39.809,-38.139,-20.165,29.043,65.753
389,-4.486,25.863,1.878,4.614,9.794,40.264,-48.572,-37.708,-45.682,-39.578,-2.501,17.409,50.712
390,-4.460,21.743,2.578,7.660,11.105,39.853,-42.431,-53.910,-52.485,-35.037,-10.186,22.702,61.899
391,-3.814,20.554,0.676,9.478,9.479,42.430,-43.379,-35.648,-40.528,-29.061,0.454,21.903,64.884
392,-5.002,17.463,-1.043,3.630,9.648,40.359,-49.045,-35.477,-33.295,-30.791,-16.736,19.166,75.904
393,-4.997,19.996,1.121,1.343,9.645,41.646,-52.255,-28.646,-35.128,-30.428,-11.823,43.581,74.516
394,-3.355,24.555,-0.427,14.079,10.009,38.415,-42.734,-48.417,-52.021,-32.562,-17.367,26.921,62.684
395,-5.353,20.778,1.548,8.214,9.555,41.484,-46.572,-38.463,-63.511,-37.957,-8.944,33.066,55.858
396,-3.648,19.682,2.086,5.376,8.431,43.814,-42.640,-38.640,-41.342,-42.252,-11.784,29.807,60.853
397,-4.577,26.579,2.885,7.656,11.223,42.338,-47.640,-46.016,-53.122,-30.053,-16.134,11.942,52.285
398,-5.167,17.127,-0.651,8.102,8.480,44.413,-44.788,-30.891,-40.801,-23.141,2.350,15.792,75.310
399,-5.171,19.395,2.052,13.215,11.412,38.591,-40.966,-35.531,-27.429,-31.136,-25.976,14.015,52.532
400,-5.934,16.465,-3.440,3.737,10.151,42.137,-44.259,-40.492,-36.611,-35.281,-10.886,41.623,79.202
401,-2.896,28.755,3.532,14.125,8.871,42.398,-48.621,-31.169,-52.022,-38.862,-7.385,27.805,53.386
402,-6.290,25.259,3.029,5.020,7.850,40.798,-46.299,-24.413,-46.175,-27.560,-21.421,27.621,66.389
403,-5.547,20.406,2.534,5.864,11.081,42.779,-47.812,-40.071,-52.566,-39.565,-20.129,13.876,59.347
404,-5.490,6.675,-1.175,3.771,10.066,35.124,-53.884,-39.342,-46.504,-33.550,-25.329,25.601,79.217
405,-6.168,22.534,2.266,5.177,12.991,38.953,-49.819,-37.121,-56.264,-37.903,-9.419,32.804,60.634
406,-7.341,28.126,3.060,12.853,10.056,38.524,-56.042,-30.707,-28.357,-34.061,2.384,26.631,73.715
407,-5.884,16.770,3.026,9.337,11.848,39.601,-42.078,-45.297,-43.961,-39.218,-20.044,17.492,68.885
408,-5.355,21.291,2.602,7.299,13.639,41.340,-47.789,-29.394,-54.857,-38.099,-22.496,24.654,75.668
409,-6.821,18.641,3.099,4.030,10.940,40.013,-49.271,-43.345,-48.399,-37.944,-2.664,19.077,64.442
410,-4.525,27.422,3.346,6.060,10.436,36.628,-36.310,-46.006,-49.219,-35.299,-8.319,36.952,73.060
411,-5.048,15.589,3.463,10.787,8.885,40.869,-42.181,-35.096,-68.683,-43.303,-15.370,12.115,62.120
412,-3.629,23.295,2.479,8.716,14.287,42.158,-46.883,-36.538,-55.610,-33.314,7.648,14.692,61.294
413,-5.724,21.746,1.537,3.357,7.528,38.867,-41.324,-25.739,-34.907,-38.893,-14.974,18.112,77.018
414,-5.264,10.894,3.066,6.676,7.000,45.597,-43.727,-38.336,-43.705,-29.632,-24.472,41.583,61.204
415,-3.114,30.242,1.531,4.132,10.140,46.119,-45.910,-27.947,-43.624,-28.177,0.590,6.898,53.870
416,-6.408,13.523,1.325,3.306,10.703,41.646,-45.353,-30.525,-47.813,-37.067,-7.701,40.732,76.516
417,-5.333,10.074,0.094,12.567,6.550,47.397,-42.366,-42.720,-49.744,-41.467,-15.192,23.025,59.623
418,-6.809,21.547,2.656,4.203,10.735,37.347,-45.193,-32.612,-50.544,-31.632,-12.997,39.429,69.441
419,-4.400,31.419,0.029,5.477,9.289,40.495,-52.265,-37.975,-50.443,-35.623,-10.098,4.663,57.823
420,-6.427,18.147,0.062,4.788,10.653,38.711,-47.862,-37.768,-55.202,-36.364,-12.211,24.604,74.991
421,-6.436,29.902,1.132,5.785,9.526,41.170,-33.736,-39.433,-38.374,-36.885,-16.064,34.093,67.208
422,-5.391,17.589,1.904,8.754,6.812,37.566,-45.696,-35.935,-35.802,-29.350,-13.926,41.419,63.754
423,-6.034,21.630,0.883,4.668,8.727,42.635,-46.548,-40.383,-57.683,-33.455,-18.167,30.342,73.416
424,-7.032,15.909,1.424,10.031,9.415,36.176,-37.449,-30.790,-60.830,-29.423,-15.532,28.228,75.164
425,-7.239,20.329,2.705,4.545,7.730,38.734,-40.593,-29.299,-43.950,-28.076,-13.929,28.327,69.873
426,-7.126,20.403,1.121,4.349,6.553,38.976,-41.440,-33.049,-43.947,-38.237,-9.867,34.964,78.393
427,-6.024,13.119,0.737,1.721,10.680,38.922,-46.765,-42.652,-42.024,-45.581,-5.921,19.985,76.506
428,-6.774,22.440,1.118,8.503,7.649,43.333,-40.183,-46.913,-30.939,-37.358,-11.319,34.407,65.147
429,-5.220,18.756,0.485,6.199,10.430,40.576,-45.102,-33.417,-46.429,-45.014,-20.864,26.531,55.844
430,-7.059,21.621,1.802,2.711,10.776,43.244,-53.791,-35.852,-40.254,-38.882,-23.808,30.066,64.942
431,-6.434,21.974,1.497,7.423,7.467,34.309,-42.209,-49.368,-61.427,-42.777,-14.051,45.573,75.590
432,-5.088,28.336,1.433,0.854,10.656,40.698,-39.986,-27.373,-49.296,-35.814,-17.111,22.330,53.306
433,-4.619,29.787,2.326,9.670,13.605,39.546,-39.859,-31.948,-30.435,-34.797,-15.408,12.733,51.037
434,-4.308,20.784,2.757,5.353,10.200,41.118,-37.720,-32.776,-32.426,-39.911,-28.721,20.345,58.219
435,-6.627,23.221,1.998,11.908,7.246,41.102,-44.176,-31.865,-48.785,-35.854,-28.601,25.595,56.942
436,-5.494,18.514,2.155,5.851,7.417,34.532,-37.045,-47.762,-51.375,-30.195,-14.849,25.982,74.888
437,-4.315,23.737,2.266,-0.053,10.150,43.137,-40.438,-44.545,-43.929,-17.516,-19.774,31.542,65.876
438,-4.514,27.841,0.045,7.337,10.749,41.180,-61.412,-35.535,-44.059,-30.870,-6.486,34.956,74.718
439,-6.771,12.005,-0.081,8.573,9.768,42.823,-41.175,-43.571,-41.214,-27.109,-4.583,33.896,74.268
440,-5.214,12.305,-1.192,2.220,8.713,41.337,-44.970,-39.421,-43.292,-36.207,-12.334,21.514,72.395
441,-6.349,20.479,-0.820,6.999,11.801,44.158,-44.521,-33.369,-39.529,-41.627,-17.227,45.034,68.162
442,-5.997,21.389,1.649,9.620,10.665,40.654,-46.758,-39.819,-37.723,-32.482,-13.837,29.693,71.654
443,-6.287,22.305,0.502,8.860,12.281,41.725,-47.857,-34.612,-34.559,-34.664,-15.239,48.258,75.609
444,-5.942,12.664,-1.649,8.080,11.291,39.300,-46.717,-41.557,-28.572,-44.524,3.582,2.867,72.167
445,-5.845,19.151,3.162,3.556,7.772,41.967,-37.398,-36.586,-53.769,-39.241,-6.775,23.463,74.962
446,-6.424,20.180,0.527,7.760,7.717,40.539,-38.824,-37.981,-39.194,-31.310,-13.267,6.974,61.794
447,-7.344,21.251,-0.526,7.571,11.822,43.624,-44.932,-27.149,-50.394,-41.855,-17.572,46.967,72.046
448,-4.816,23.767,0.030,10.241,10.892,47.174,-48.809,-42.359,-35.279,-40.440,-19.813,33.208,73.464
449,-4.865,23.115,-3.120,12.976,9.330,38.743,-53.383,-31.720,-34.611,-23.962,-20.051,25.176,75.288
450,-5.188,19.228,-2.303,8.692,11.976,43.584,-44.883,-27.388,-36.693,-28.578,-8.904,33.267,61.959
451,-6.697,25.559,0.973,4.496,12.651,40.611,-52.508,-29.377,-32.047,-44.592,-22.769,42.859,72.857
452,-4.985,14.176,1.223,2.938,8.821,41.762,-43.287,-33.153,-49.734,-19.115,-31.266,22.202,66.367
453,-7.382,12.587,3.034,6.450,9.885,41.840,-40.380,-39.661,-44.605,-34.073,-21.097,15.299,66.665
454,-4.255,13.710,7.006,7.974,11.609,36.439,-47.212,-39.277,-38.437,-48.178,-24.939,17.219,50.263
455,-5.372,30.237,4.443,9.406,8.910,47.857,-42.741,-23.259,-31.944,-40.826,-8.262,36.617,57.518
456,-6.917,14.559,1.217,-0.679,8.932,43.085,-44.705,-34.440,-33.441,-29.925,-16.116,40.353,78.698
457,-5.205,31.336,2.223,7.410,8.476,41.544,-48.357,-56.244,-61.584,-35.771,-2.020,19.558,55.107
458,-5.271,26.490,1.443,7.435,9.053,37.427,-41.570,-44.454,-32.468,-35.218,-22.529,26.286,51.719
459,-4.209,23.766,2.424,2.917,11.268,43.268,-47.050,-26.519,-50.658,-50.564,-7.416,13.581,54.832
460,-5.609,19.879,-1.880,7.602,9.290,39.768,-45.821,-38.671,-33.729,-26.791,-10.816,39.304,69.047
461,-5.062,26.354,1.895,9.980,8.518,42.220,-48.294,-41.957,-36.439,-42.732,-4.280,24.582,58.396
462,-4.357,21.678,1.444,5.183,11.126,37.599,-41.879,-32.274,-59.469,-34.636,-6.927,23.924,68.281
463,-4.978,20.410,1.463,8.424,14.867,44.962,-47.035,-40.486,-41.442,-31.491,-15.719,14.204,58.473
464,-4.638,14.769,0.788,2.871,9.862,40.532,-29.533,-27.452,-46.428,-31.843,-12.310,11.329,59.125
465,-7.166,18.656,0.115,7.043,10.321,40.107,-38.351,-44.546,-33.312,-35.055,-13.043,36.669,69.743
466,-5.203,12.493,2.399,3.154,9.543,39.788,-35.084,-34.831,-21.122,-45.792,5.339,26.788,62.241
467,-4.244,32.542,1.413,2.342,7.621,40.378,-41.538,-34.996,-55.093,-22.748,-23.894,23.403,55.931
468,-4.848,24.114,2.897,9.733,8.347,39.089,-47.192,-36.225,-52.458,-40.968,-25.919,16.504,54.343
469,-3.535,25.506,1.877,5.497,14.491,43.892,-37.987,-35.642,-33.058,-34.735,-13.907,4.767,51.798
470,-3.890,15.775,1.709,10.096,11.233,41.091,-39.917,-28.800,-48.147,-33.830,-21.522,32.851,60.269
471,-5.097,24.086,2.103,6.294,10.676,41.267,-42.291,-34.437,-46.756,-32.122,-1.724,20.961,70.703
472,-5.346,18.527,0.167,8.546,10.146,45.445,-52.449,-36.048,-34.938,-29.069,-15.488,48.437,65.970
473,-5.087,18.381,4.648,9.398,14.234,38.864,-29.929,-36.481,-53.110,-29.617,-16.736,8.179,58.752
474,-5.181,21.206,1.389,8.076,7.248,42.033,-35.150,-41.163,-32.584,-34.252,-9.098,35.983,65.817
475,-5.588,17.462,1.562,7.564,8.146,45.475,-44.214,-42.880,-38.853,-36.664,-34.546,27.899,65.001
476,-3.897,22.443,3.020,4.864,11.639,40.209,-45.832,-44.883,-32.516,-38.457,-26.650,8.894,51.014
477,-5.344,12.261,1.263,5.249,9.726,36.921,-41.284,-34.694,-40.560,-45.410,-23.865,22.582,61.415
478,-4.124,27.626,-0.161,6.560,11.175,44.780,-54.367,-42.366,-42.007,-37.077,-11.801,44.477,56.466
479,-7.025,16.363,3.148,2.617,8.979,41.496,-46.215,-35.173,-47.123,-27.248,1.605,25.906,70.203
480,-5.874,13.958,1.891,6.506,7.544,38.957,-41.759,-40.104,-37.926,-42.185,-18.158,26.929,70.319
481,-5.507,23.578,2.315,6.824,10.480,43.541,-43.396,-34.266,-39.492,-35.100,-21.753,25.355,53.121
482,-5.146,30.376,2.107,10.838,10.960,39.429,-46.433,-34.790,-43.218,-48.623,-22.027,8.999,50.986
483,-6.834,15.713,1.875,0.435,7.963,49.319,-50.446,-33.063,-51.862,-41.205,-2.619,35.012,71.843
484,-6.949,15.936,1.174,3.844,9.294,43.179,-48.336,-36.971,-48.358,-40.462,-16.612,32.593,79.320
485,-5.829,16.898,3.766,3.152,11.865,39.910,-52.978,-35.474,-45.764,-38.758,-12.099,29.828,65.670
486,-5.375,28.449,2.370,9.968,10.205,45.014,-44.499,-40.045,-48.707,-35.005,-32.248,17.713,55.810
487,-5.893,15.749,-0.563,5.575,9.117,44.408,-45.402,-39.185,-40.594,-42.040,-18.223,23.624,71.418
488,-7.206,14.368,1.386,9.297,10.079,35.847,-48.375,-36.822,-53.743,-39.679,-10.106,35.538,74.403
489,-5.455,28.536,2.280,2.780,8.264,37.645,-46.722,-51.028,-40.646,-35.832,-4.006,38.733,64.530
490,-7.472,11.448,0.737,3.534,10.105,39.754,-40.449,-32.781,-41.837,-38.214,-18.684,31.088,78.774
491,-3.382,32.047,3.879,9.011,13.187,40.484,-44.432,-34.755,-53.616,-38.053,-11.186,12.359,58.165
492,-5.404,11.157,0.761,3.733,12.495,41.553,-48.881,-34.195,-39.315,-47.364,-1.303,33.727,77.272
493,-4.703,24.712,0.767,5.644,11.515,39.735,-48.607,-54.223,-49.076,-36.550,-29.744,33.881,58.161
494,-5.031,18.637,-1.376,5.683,8.780,40.724,-40.030,-52.142,-34.685,-29.584,-18.791,46.273,74.775
495,-6.455,17.906,-1.175,10.124,7.218,37.901,-44.532,-47.145,-36.662,-37.997,-6.684,29.551,75.355
496,-5.774,8.396,1.813,3.341,10.135,37.603,-48.045,-32.275,-44.899,-34.071,-17.754,25.699,59.499
497,-3.735,19.208,3.486,4.013,6.989,39.495,-45.137,-33.619,-34.246,-31.655,-25.076,23.533,60.775
498,-4.701,28.040,1.010,6.393,9.180,40.947,-38.526,-39.451,-46.271,-34.373,-23.732,20.309,61.590
499,-4.829,18.494,3.212,10.193,9.783,43.834,-47.650,-38.072,-42.396,-35.240,-7.070,29.224,51.493
500,-5.393,13.111,0.288,-1.087,11.768,40.697,-52.306,-35.771,-42.666,-39.565,-27.330,21.521,69.186
501,-4.424,20.742,0.363,5.003,7.826,37.152,-40.964,-31.222,-23.349,-42.742,-17.363,18.467,59.240
502,-5.264,26.011,2.630,7.653,13.676,42.478,-45.743,-42.161,-49.301,-29.780,-20.302,22.560,71.663
503,-5.578,26.793,2.604,8.030,10.161,41.465,-53.890,-27.792,-38.999,-45.333,-18.857,22.061,59.332
504,-6.939,21.083,0.215,7.649,8.692,43.235,-37.483,-53.756,-41.948,-32.854,-19.506,29.937,73.092
505,-5.905,34.203,2.055,5.381,10.802,42.539,-40.308,-42.007,-45.672,-34.245,-24.442,23.695,59.842
506,-5.415,26.338,1.574,13.416,11.706,43.560,-42.119,-40.130,-61.413,-39.119,-15.142,32.425,56.241
507,-6.160,18.826,0.055,5.090,12.805,40.207,-48.061,-44.988,-54.279,-34.290,-4.159,30.548,77.709
508,-5.596,30.804,1.154,9.237,11.345,42.111,-44.766,-41.923,-51.003,-31.232,-30.061,26.909,50.039
509,-6.474,18.698,0.269,7.489,9.086,36.035,-41.349,-43.756,-38.242,-35.594,-12.180,39.415,78.087
510,-5.278,20.720,2.442,8.217,12.639,42.488,-42.587,-23.578,-48.093,-42.138,-21.691,26.121,55.749
511,-6.046,21.823,-0.730,11.693,10.088,38.990,-44.342,-23.444,-39.851,-31.546,-11.066,34.820,68.795
512,-7.191,13.309,-0.745,8.156,8.181,41.868,-44.734,-36.659,-43.474,-46.544,-1.515,21.992,77.023
513,-5.509,23.274,-1.173,6.718,12.146,40.278,-45.101,-39.702,-55.234,-28.475,-11.676,7.250,63.019
514,-5.161,28.564,2.241,7.644,10.548,40.050,-38.744,-36.990,-44.892,-39.534,-11.530,19.387,50.421
515,-6.763,8.472,-1.914,10.310,12.135,39.736,-47.489,-26.018,-47.026,-33.614,-10.273,16.193,76.256
516,-4.568,22.696,2.862,2.328,10.255,41.715,-40.363,-30.938,-60.152,-46.569,-17.283,18.023,55.473
517,-4.654,20.871,1.291,7.260,12.095,45.041,-42.394,-39.175,-26.918,-40.095,-14.412,29.498,52.838
518,-4.640,16.884,2.430,3.618,9.597,41.092,-46.086,-31.910,-43.356,-34.431,-27.253,21.565,65.267
519,-6.847,20.528,-0.270,9.685,8.586,42.681,-38.774,-35.890,-33.418,-46.540,1.773,30.785,73.664
520,-5.093,23.578,1.914,9.283,12.042,41.750,-41.726,-24.741,-41.916,-39.803,-12.533,27.085,61.256
521,-6.638,15.767,-2.275,2.930,10.300,43.135,-45.250,-36.261,-47.578,-40.555,-15.040,39.998,78.560
522,-5.810,26.262,2.112,4.112,9.823,38.282,-45.635,-34.052,-44.571,-29.392,-16.860,35.593,68.141
523,-6.925,27.220,0.206,5.612,9.697,36.854,-39.366,-44.859,-46.893,-31.723,-26.686,24.636,73.512
524,-5.246,22.290,2.774,5.461,10.590,41.540,-49.527,-36.974,-49.187,-38.462,-22.095,4.152,54.755
525,-6.529,21.914,0.551,10.211,9.970,41.697,-50.074,-34.708,-47.402,-30.999,-29.815,35.204,64.510
526,-4.778,22.345,1.154,3.037,9.828,38.823,-39.345,-41.435,-36.282,-45.349,-29.006,19.156,57.570
527,-5.761,11.251,0.247,5.428,10.491,38.393,-53.756,-41.394,-42.281,-34.699,-13.601,39.232,71.025
528,-4.464,23.216,0.234,1.767,8.673,38.970,-48.398,-28.495,-49.000,-17.984,-14.373,29.485,64.503
529,-5.348,21.779,2.745,7.734,10.142,41.969,-46.148,-38.937,-30.751,-47.486,-14.702,27.617,75.510
530,-5.147,24.211,2.730,4.311,9.729,45.692,-43.975,-34.398,-40.252,-29.450,-20.355,20.982,57.704
531,-6.050,18.543,2.385,1.189,11.712,40.211,-49.040,-45.366,-44.296,-38.514,-7.205,18.356,71.078
532,-5.130,38.315,2.537,6.486,8.441,43.496,-43.562,-32.986,-43.464,-45.874,-16.603,35.905,53.331
533,-3.014,17.251,3.134,8.245,12.171,40.673,-45.094,-34.343,-50.677,-35.886,-14.548,21.252,59.719
534,-5.483,16.100,0.375,2.431,8.760,42.179,-47.066,-32.851,-45.422,-32.223,-18.942,30.040,70.108
535,-4.377,32.339,4.256,9.770,8.878,38.564,-51.363,-49.513,-44.381,-35.024,-35.299,41.095,68.898
536,-5.905,16.029,-0.673,5.202,10.174,39.004,-42.123,-38.159,-32.616,-30.207,-17.622,33.833,73.689
537,-4.902,24.133,0.968,15.321,8.370,42.196,-47.101,-35.494,-42.106,-27.310,-17.113,15.943,52.215
538,-3.581,23.432,1.774,6.538,7.794,45.336,-45.198,-46.344,-35.611,-35.780,-20.420,2.834,51.852
539,-4.870,39.675,2.017,1.870,9.878,41.631,-40.441,-40.878,-43.617,-35.287,-27.970,13.203,56.471
540,-5.248,22.888,2.549,5.346,10.764,41.636,-43.553,-31.050,-46.764,-41.056,-13.378,18.396,52.712
541,-4.990,9.399,-0.452,4.795,8.034,40.743,-50.810,-35.629,-41.846,-49.662,-20.474,21.553,77.195
542,-5.642,11.485,0.873,5.263,11.176,40.475,-41.679,-41.314,-60.387,-45.959,2.332,34.815,77.370
543,-5.967,18.533,2.290,8.033,10.015,43.704,-49.566,-42.178,-43.134,-32.565,-32.764,31.587,62.228
544,-6.064,15.443,0.779,7.664,8.851,45.651,-43.319,-29.709,-52.625,-26.494,-1.253,29.990,77.811
545,-6.176,14.688,2.810,6.036,10.832,40.992,-46.247,-33.525,-39.392,-25.372,-30.017,33.069,55.383
546,-5.904,28.413,2.767,6.589,10.515,42.106,-41.818,-46.113,-48.898,-25.474,-6.575,15.652,56.820
547,-4.775,20.841,0.437,0.526,10.285,40.370,-43.555,-32.272,-58.657,-37.006,-7.238,31.357,57.329
548,-6.064,18.713,0.663,5.879,10.510,37.669,-47.495,-34.885,-43.568,-27.864,-8.404,20.879,69.809
549,-2.590,27.719,1.998,9.546,10.658,39.796,-48.366,-38.836,-49.620,-37.199,-27.028,36.263,52.310
550,-4.503,28.421,4.250,1.544,11.413,38.080,-48.216,-35.340,-47.402,-42.261,-18.923,35.555,55.839
551,-5.779,18.473,2.354,9.430,10.180,42.483,-40.908,-28.777,-41.631,-34.831,-5.857,40.048,63.169
552,-6.675,18.341,1.359,2.878,6.556,36.184,-47.120,-26.960,-41.212,-31.393,-19.222,26.341,79.543
553,-3.903,18.957,1.487,8.473,11.951,43.135,-45.223,-33.602,-44.507,-40.168,-17.804,24.634,55.317
554,-4.965,26.631,0.626,8.928,10.852,42.702,-43.370,-36.117,-41.239,-38.280,-26.944,25.935,61.379
555,-4.368,11.173,2.936,10.955,8.530,44.166,-51.650,-30.660,-45.590,-39.409,-5.604,37.352,56.075
556,-3.662,35.747,2.809,5.102,9.557,43.646,-50.856,-37.443,-40.647,-24.825,-26.906,20.478,57.397
557,-3.470,21.572,1.810,5.974,10.018,46.434,-44.726,-41.457,-43.388,-43.997,-18.361,11.315,51.251
558,-5.026,30.064,-0.162,8.803,7.150,33.435,-33.303,-29.587,-36.826,-40.805,-9.740,44.645,62.722
559,-5.253,24.209,-0.540,4.306,8.805,36.402,-50.839,-37.753,-46.588,-32.313,-11.420,32.620,61.106
560,-5.513,14.213,0.920,3.082,11.349,45.052,-41.548,-34.459,-57.657,-29.734,5.329,34.583,75.532
561,-5.248,32.309,3.603,0.664,8.739,48.518,-42.523,-35.030,-36.894,-39.337,-19.464,31.578,63.883
562,-4.511,22.276,2.245,7.541,8.378,42.155,-50.897,-41.001,-43.524,-23.287,3.661,18.603,60.911
563,-6.965,25.151,1.476,3.591,8.139,40.609,-40.994,-34.240,-51.996,-30.416,-15.129,21.771,62.995
564,-5.298,21.187,2.677,5.976,11.203,37.307,-44.172,-36.719,-40.863,-47.549,-22.411,33.613,61.687
565,-3.141,20.923,1.767,6.181,15.131,41.009,-52.396,-30.194,-42.092,-35.560,-7.072,20.410,56.285
566,-4.585,23.295,5.400,5.670,10.592,42.436,-41.297,-44.380,-59.208,-33.752,-9.530,14.803,51.957
567,-5.194,30.016,-0.846,7.262,9.667,43.128,-56.658,-38.500,-43.677,-37.634,-29.025,26.355,52.950
568,-3.754,26.014,2.769,6.206,14.107,47.010,-36.113,-35.972,-56.070,-41.809,-33.190,18.551,52.245
569,-6.832,26.176,0.564,2.867,11.211,45.502,-45.483,-32.525,-47.847,-29.760,-12.165,36.903,53.719
570,-4.630,14.940,0.721,7.176,9.721,38.766,-41.935,-33.237,-33.317,-30.484,-0.815,25.880,71.434
571,-5.904,16.497,3.298,7.375,10.434,39.981,-43.336,-34.632,-39.293,-27.941,-16.099,29.904,72.771
572,-5.007,7.381,-0.956,7.738,7.457,39.179,-39.320,-36.097,-52.833,-47.969,-18.615,30.136,75.356
573,-5.540,29.190,1.247,8.181,9.162,44.054,-50.082,-43.225,-42.274,-34.466,-26.803,21.859,79.932
574,-6.429,19.285,1.831,5.265,12.846,42.160,-57.061,-30.428,-53.574,-37.011,-9.446,33.846,72.280
575,-6.711,14.429,-0.428,4.797,7.790,42.162,-39.180,-41.417,-33.720,-37.648,-2.506,17.514,78.697
576,-5.062,21.576,2.183,9.090,8.590,43.546,-56.549,-36.510,-57.983,-34.460,-13.157,20.571,53.542
577,-4.498,28.625,1.128,6.700,8.230,42.497,-46.635,-37.076,-57.838,-50.400,-23.694,14.273,50.305
578,-5.700,13.535,1.126,6.793,10.070,41.058,-33.733,-45.245,-46.194,-36.440,-12.926,29.986,70.259
579,-6.127,20.289,1.111,9.155,9.469,40.765,-50.888,-45.326,-39.580,-41.987,-23.411,44.258,72.213
580,-5.741,19.800,3.509,6.383,8.902,48.519,-42.527,-29.922,-25.593,-43.005,-19.089,13.717,68.797
581,-5.025,7.644,1.255,3.922,11.570,45.962,-51.162,-34.742,-58.019,-31.231,-6.415,24.731,74.361
582,-4.055,27.585,2.724,5.537,11.295,42.431,-41.804,-30.559,-36.516,-36.825,-10.085,16.806,57.668
583,-4.387,19.193,1.111,15.072,10.189,40.443,-44.833,-26.949,-42.686,-23.302,-14.402,29.819,59.486
584,-5.252,27.312,1.362,3.927,11.834,37.184,-36.940,-32.816,-27.697,-36.710,-11.761,38.137,75.977
585,-4.411,28.822,2.515,13.013,9.655,40.162,-37.871,-38.770,-50.757,-47.843,-21.221,28.347,55.997
586,-5.583,18.173,1.133,4.610,7.334,40.014,-43.318,-34.113,-45.244,-26.543,-23.960,26.619,76.648
587,-2.839,16.660,-1.110,6.713,6.461,45.078,-44.939,-43.116,-52.337,-43.574,-22.206,19.613,59.217
588,-4.287,27.049,0.659,8.287,5.264,39.911,-38.335,-31.389,-36.827,-34.579,-21.696,26.663,59.819
589,-5.405,26.842,3.727,11.219,9.671,45.070,-41.644,-39.098,-63.324,-26.206,-4.103,40.419,52.178
590,-3.754,27.335,2.368,10.747,11.377,41.521,-47.814,-42.289,-48.692,-34.880,-24.579,0.689,50.589
591,-5.651,25.591,-0.518,6.071,10.932,32.765,-33.782,-26.040,-31.902,-28.068,-12.776,29.837,69.338
592,-4.578,21.430,0.253,7.070,13.598,43.604,-43.821,-21.509,-41.225,-36.294,-11.960,32.535,55.605
593,-5.829,21.648,4.267,2.746,7.862,40.831,-45.263,-29.915,-51.045,-29.993,-17.747,29.489,65.886
594,-6.405,25.864,1.870,11.833,9.140,39.829,-49.784,-38.038,-39.519,-37.584,-16.016,21.518,56.050
595,-5.589,19.426,1.060,11.004,7.313,42.609,-50.112,-39.169,-55.911,-49.348,-15.202,31.280,58.757
596,-5.703,24.609,0.335,8.353,9.594,43.674,-35.891,-35.621,-39.372,-38.264,-27.428,21.215,53.866
597,-5.456,17.735,-0.714,1.033,11.761,43.266,-45.180,-41.429,-54.663,-30.213,-3.324,31.066,68.960
598,-5.108,20.959,4.829,11.903,11.661,41.269,-51.681,-39.913,-47.076,-32.819,-21.242,31.724,56.104
599,-4.305,17.806,3.582,4.864,11.230,39.697,-44.277,-36.443,-46.350,-18.619,-6.772,28.631,56.929
600,-6.766,11.823,-0.060,3.215,7.451,39.983,-48.684,-45.600,-41.470,-30.179,-13.234,40.204,74.050
601,-7.951,29.293,-0.903,2.683,5.678,46.192,-45.170,-37.533,-35.363,-41.341,-13.049,37.350,82.355
602,-6.848,23.802,1.845,7.845,10.163,37.437,-41.042,-33.043,-48.616,-38.895,-17.956,26.571,74.765
603,-6.795,15.127,0.460,2.212,6.818,41.962,-42.133,-49.194,-47.894,-29.635,-17.239,45.055,85.077
604,-5.376,19.099,1.565,9.126,10.025,39.701,-35.716,-33.670,-54.393,-40.840,-4.366,32.689,76.536
605,-6.593,12.463,-1.052,8.104,8.207,43.539,-52.388,-30.840,-33.094,-24.253,-2.645,31.058,85.815
606,-5.132,20.700,-0.024,3.723,7.696,33.150,-41.501,-26.770,-48.995,-35.808,-0.488,18.429,61.898
607,-5.874,14.371,0.713,4.070,7.407,42.036,-37.207,-32.162,-31.661,-31.411,-11.842,34.691,70.697
608,-6.923,17.634,-1.736,5.535,10.324,36.212,-53.432,-41.579,-42.422,-35.324,-19.941,27.160,79.980
609,-4.742,26.080,4.166,11.365,11.076,39.986,-37.373,-30.532,-10.195,-30.959,-29.445,10.389,64.540
610,-3.990,14.649,1.940,2.899,12.967,39.490,-42.192,-39.073,-39.282,-31.125,-36.289,34.928,62.577
611,-4.585,23.295,5.400,5.670,10.592,42.436,-41.297,-44.380,-59.208,-33.752,-9.530,14.803,55.398
612,-5.203,12.493,2.399,3.154,9.543,39.788,-35.084,-34.831,-21.122,-45.792,5.339,26.788,64.501
613,-5.514,37.952,1.325,11.368,11.383,35.893,-47.532,-40.119,-57.867,-32.329,-14.565,26.070,69.553
614,-5.346,25.451,0.544,5.121,9.613,45.297,-52.215,-35.487,-49.968,-43.308,-6.351,29.653,72.070
615,-4.851,24.534,2.085,8.600,15.864,37.981,-41.758,-31.624,-37.883,-34.654,-20.192,17.657,58.018
616,-6.939,21.083,0.215,7.649,8.692,43.235,-37.483,-53.756,-41.948,-32.854,-19.506,29.937,80.125
617,-5.481,30.373,3.040,9.464,13.506,40.265,-52.517,-30.483,-50.027,-32.110,-20.354,12.852,56.385
618,-6.531,19.531,2.992,11.921,9.055,38.118,-46.890,-47.857,-50.732,-33.962,-29.438,32.644,67.491
619,-6.439,14.169,-0.139,6.540,11.137,33.574,-46.898,-29.589,-53.120,-34.262,-9.304,37.422,79.159
620,-7.335,17.081,0.401,6.323,10.392,41.054,-39.105,-42.221,-51.002,-35.630,-10.615,9.323,79.424
621,-5.404,11.157,0.761,3.733,12.495,41.553,-48.881,-34.195,-39.315,-47.364,-1.303,33.727,83.072
622,-4.525,27.422,3.346,6.060,10.436,36.628,-36.310,-46.006,-49.219,-35.299,-8.319,36.952,81.394
623,-7.206,14.368,1.386,9.297,10.079,35.847,-48.375,-36.822,-53.743,-39.679,-10.106,35.538,78.244
624,-5.380,7.626,1.648,6.934,8.259,41.598,-39.160,-37.647,-42.789,-32.066,-29.508,32.616,82.611
625,-6.408,13.523,1.325,3.306,10.703,41.646,-45.353,-30.525,-47.813,-37.067,-7.701,40.732,82.519
626,-6.403,12.764,0.679,5.352,12.497,42.522,-50.785,-40.363,-46.621,-45.912,-12.424,34.332,84.995
627,-6.356,17.317,2.279,12.188,11.797,39.256,-42.649,-27.612,-30.675,-39.972,-19.930,46.136,74.329
628,-4.638,14.769,0.788,2.871,9.862,40.532,-29.533,-27.452,-46.428,-31.843,-12.310,11.329,64.878
629,-5.254,22.909,1.530,11.747,12.937,44.739,-49.370,-43.157,-44.314,-41.287,-11.542,13.589,61.583
630,-4.514,27.841,0.045,7.337,10.749,41.180,-61.412,-35.535,-44.059,-30.870,-6.486,34.956,79.785
631,-4.986,19.065,1.976,5.283,10.928,42.242,-43.704,-40.699,-52.803,-33.765,-6.025,23.340,80.689
632,-4.757,22.868,3.026,12.518,8.184,39.013,-45.953,-29.133,-39.557,-31.525,-10.793,25.313,67.206
633,-5.444,18.750,-1.312,11.566,8.774,41.197,-48.449,-45.612,-53.803,-35.859,-4.755,25.433,74.886
634,-4.865,23.115,-3.120,12.976,9.330,38.743,-53.383,-31.720,-34.611,-23.962,-20.051,25.176,82.876
635,-4.309,23.056,0.198,5.925,11.012,42.658,-44.063,-46.515,-44.733,-33.084,-10.613,16.247,70.656
636,-3.014,17.251,3.134,8.245,12.171,40.673,-45.094,-34.343,-50.677,-35.886,-14.548,21.252,66.216
637,-3.902,23.143,-0.732,4.549,12.451,41.348,-42.617,-42.202,-42.914,-33.956,-19.245,20.798,65.446
638,-6.529,21.914,0.551,10.211,9.970,41.697,-50.074,-34.708,-47.402,-30.999,-29.815,35.204,66.578
639,-4.989,15.371,2.151,8.240,6.227,39.854,-49.799,-37.037,-42.791,-40.360,-20.742,31.581,69.852
640,-5.980,23.700,3.210,4.489,7.867,42.098,-40.756,-39.969,-36.956,-27.856,-11.474,30.269,77.652
641,-4.209,23.766,2.424,2.917,11.268,43.268,-47.050,-26.519,-50.658,-50.564,-7.416,13.581,60.228
642,-4.952,22.365,1.649,2.468,9.801,45.380,-48.756,-39.424,-52.594,-40.596,-3.782,30.755,77.711
643,-5.814,26.485,2.361,5.623,11.109,45.385,-44.522,-34.588,-37.493,-22.945,-28.905,34.346,71.257
644,-4.489,24.049,-0.003,2.201,13.311,41.262,-50.119,-36.971,-40.553,-37.333,-13.533,18.042,77.814
645,-5.087,18.381,4.648,9.398,14.234,38.864,-29.929,-36.481,-53.110,-29.617,-16.736,8.179,65.019
646,-6.781,10.661,3.318,2.792,5.410,40.895,-35.364,-39.580,-37.393,-34.578,-15.994,54.287,78.131
647,-6.172,18.465,4.994,13.459,10.635,46.344,-51.751,-36.058,-46.604,-31.099,-18.011,38.598,58.288
648,-5.552,16.588,3.094,6.278,11.236,45.527,-43.203,-29.711,-56.672,-46.478,-9.663,21.931,68.308
649,-5.492,29.204,2.454,4.251,9.950,43.149,-40.149,-37.729,-33.695,-28.698,-19.131,24.811,68.132
650,-4.985,22.268,2.238,9.583,10.962,42.293,-39.092,-34.603,-45.676,-36.431,-17.629,26.774,61.499
651,-5.808,19.365,2.545,9.620,10.979,46.014,-44.894,-34.293,-35.164,-42.498,2.266,28.842,71.725
652,-6.083,23.683,3.457,8.420,5.796,42.933,-40.842,-49.647,-41.270,-36.172,-8.665,16.676,62.499
653,-4.975,14.803,0.472,4.128,6.203,40.642,-38.194,-23.044,-65.365,-28.721,-16.240,27.749,76.179
654,-5.543,21.332,1.168,6.665,10.720,42.032,-53.815,-44.786,-19.875,-38.157,-17.993,14.586,68.999
655,-4.620,22.247,0.549,6.746,13.244,40.594,-52.980,-52.225,-51.135,-47.217,-26.516,7.708,48.778
656,-4.387,19.193,1.111,15.072,10.189,40.443,-44.833,-26.949,-42.686,-23.302,-14.402,29.819,67.836
657,-6.163,19.753,0.066,6.040,7.449,43.176,-51.425,-39.196,-34.713,-29.558,-8.153,24.176,87.279
658,-5.375,28.449,2.370,9.968,10.205,45.014,-44.499,-40.045,-48.707,-35.005,-32.248,17.713,58.784
659,-5.514,37.952,1.325,11.368,11.383,35.893,-47.532,-40.119,-57.867,-32.329,-14.565,26.070,61.768
660,-6.808,18.058,2.197,3.046,11.857,39.543,-49.248,-43.188,-46.059,-39.579,-6.429,29.325,71.714
661,-6.721,25.041,0.398,7.164,13.604,42.873,-41.934,-30.074,-59.796,-26.386,-15.571,21.053,70.904
662,-7.239,20.329,2.705,4.545,7.730,38.734,-40.593,-29.299,-43.950,-28.076,-13.929,28.327,73.649
663,-7.472,11.448,0.737,3.534,10.105,39.754,-40.449,-32.781,-41.837,-38.214,-18.684,31.088,81.611
664,-4.320,20.739,4.457,9.475,11.109,37.223,-44.414,-36.341,-47.439,-34.699,-30.275,22.897,58.945
665,-7.285,7.473,1.724,8.090,10.049,38.121,-43.872,-28.310,-40.002,-34.895,-6.066,38.362,87.006
666,-4.387,19.193,1.111,15.072,10.189,40.443,-44.833,-26.949,-42.686,-23.302,-14.402,29.819,63.379
667,-4.988,31.884,4.618,5.859,10.175,39.427,-44.101,-34.316,-46.774,-42.958,-12.278,35.781,62.605
668,-6.719,14.958,2.686,7.150,9.654,36.778,-32.547,-44.512,-55.248,-42.347,4.393,29.658,80.937
669,-4.784,18.221,4.247,11.456,9.846,40.169,-41.938,-38.795,-61.872,-37.222,-35.722,22.427,68.847
670,-4.133,22.879,1.326,4.319,9.926,43.399,-35.267,-34.220,-52.091,-40.778,-22.344,32.324,67.456
671,-4.126,23.551,1.387,4.697,10.522,38.966,-47.759,-44.909,-45.720,-44.123,9.681,30.912,74.443
672,-5.348,21.779,2.745,7.734,10.142,41.969,-46.148,-38.937,-30.751,-47.486,-14.702,27.617,84.308
673,-5.246,22.290,2.774,5.461,10.590,41.540,-49.527,-36.974,-49.187,-38.462,-22.095,4.152,58.540
674,-7.385,13.908,3.430,3.450,7.851,41.420,-47.591,-28.073,-51.663,-34.438,-10.365,36.699,85.378
675,-4.561,28.402,1.805,11.190,11.730,39.555,-48.448,-39.590,-28.853,-46.388,-9.045,15.023,60.715
676,-6.356,17.317,2.279,12.188,11.797,39.256,-42.649,-27.612,-30.675,-39.972,-19.930,46.136,79.998
677,-4.841,28.027,1.456,5.302,8.348,37.076,-54.776,-44.687,-52.512,-32.260,-22.246,20.694,75.472
678,-5.673,28.008,1.867,11.793,11.695,40.231,-41.582,-52.115,-46.664,-38.588,-18.043,20.331,61.111
679,-4.985,22.268,2.238,9.583,10.962,42.293,-39.092,-34.603,-45.676,-36.431,-17.629,26.774,53.393
680,-6.403,12.764,0.679,5.352,12.497,42.522,-50.785,-40.363,-46.621,-45.912,-12.424,34.332,88.418
681,-5.675,23.002,1.710,8.291,11.299,44.080,-45.289,-37.245,-38.714,-31.547,-6.278,26.680,77.651
682,-4.750,16.039,-0.708,6.315,11.293,43.272,-41.126,-47.621,-54.057,-36.454,-34.026,29.960,64.092
683,-5.484,18.970,1.948,1.183,12.547,38.406,-47.637,-32.716,-44.500,-33.133,-17.781,12.823,63.235
684,-5.235,28.093,2.776,8.042,11.568,40.175,-48.457,-34.247,-44.042,-36.286,-16.553,34.218,62.588
685,-3.171,22.003,2.925,6.718,11.950,40.351,-45.205,-42.983,-52.257,-37.631,-26.534,32.039,70.081
686,-4.393,20.651,1.542,8.509,12.941,39.989,-51.342,-40.079,-35.353,-39.606,-27.347,19.609,65.123
687,-6.983,16.202,0.634,0.882,14.035,39.720,-50.972,-46.454,-37.632,-31.708,-19.758,42.239,87.167
688,-5.609,19.879,-1.880,7.602,9.290,39.768,-45.821,-38.671,-33.729,-26.791,-10.816,39.304,73.989
689,-5.540,29.190,1.247,8.181,9.162,44.054,-50.082,-43.225,-42.274,-34.466,-26.803,21.859,82.082
690,-5.220,18.756,0.485,6.199,10.430,40.576,-45.102,-33.417,-46.429,-45.014,-20.864,26.531,60.722
691,-5.741,14.855,3.582,6.251,10.687,44.505,-42.784,-35.663,-50.205,-42.825,-19.561,13.299,57.201
692,-4.172,20.208,1.013,4.610,9.617,43.549,-48.850,-41.405,-43.002,-49.600,-12.937,30.570,77.671
693,-5.298,21.187,2.677,5.976,11.203,37.307,-44.172,-36.719,-40.863,-47.549,-22.411,33.613,66.981
694,-5.147,24.211,2.730,4.311,9.729,45.692,-43.975,-34.398,-40.252,-29.450,-20.355,20.982,62.765
695,-7.191,13.309,-0.745,8.156,8.181,41.868,-44.734,-36.659,-43.474,-46.544,-1.515,21.992,81.830
696,-5.271,26.490,1.443,7.435,9.053,37.427,-41.570,-44.454,-32.468,-35.218,-22.529,26.286,60.916
697,-6.050,18.543,2.385,1.189,11.712,40.211,-49.040,-45.366,-44.296,-38.514,-7.205,18.356,77.559
698,-6.252,22.283,-2.108,7.285,7.726,42.903,-42.699,-37.561,-37.330,-36.703,-27.780,32.302,75.392
699,-5.085,19.534,-0.327,7.183,8.695,35.689,-48.213,-36.371,-55.893,-26.212,-20.899,30.078,78.695
700,-6.619,18.340,2.705,3.629,12.476,42.136,-51.184,-36.915,-42.477,-31.304,-6.496,35.869,78.807
701,-5.380,7.626,1.648,6.934,8.259,41.598,-39.160,-37.647,-42.789,-32.066,-29.508,32.616,77.399
702,-4.577,26.579,2.885,7.656,11.223,42.338,-47.640,-46.016,-53.122,-30.053,-16.134,11.942,57.978
703,-5.642,11.485,0.873,5.263,11.176,40.475,-41.679,-41.314,-60.387,-45.959,2.332,34.815,87.249
704,-5.997,21.389,1.649,9.620,10.665,40.654,-46.758,-39.819,-37.723,-32.482,-13.837,29.693,78.014
705,-4.690,22.740,2.096,2.969,9.084,37.316,-54.261,-43.281,-51.117,-35.460,-13.748,11.734,62.398
706,-5.087,25.524,2.968,10.700,8.591,41.620,-42.102,-39.891,-41.421,-37.963,-37.200,24.001,58.593
707,-4.872,17.564,0.443,5.803,7.725,43.851,-36.602,-24.637,-29.801,-20.794,-15.625,25.440,77.898
708,-5.663,19.790,-0.370,6.369,5.469,38.058,-49.155,-37.424,-52.335,-42.122,6.766,33.466,80.499
709,-6.434,21.974,1.497,7.423,7.467,34.309,-42.209,-49.368,-61.427,-42.777,-14.051,45.573,83.817
710,-5.663,19.790,-0.370,6.369,5.469,38.058,-49.155,-37.424,-52.335,-42.122,6.766,33.466,85.395
711,-5.147,24.211,2.730,4.311,9.729,45.692,-43.975,-34.398,-40.252,-29.450,-20.355,20.982,62.960
712,-5.609,19.879,-1.880,7.602,9.290,39.768,-45.821,-38.671,-33.729,-26.791,-10.816,39.304,77.777
713,-4.308,20.784,2.757,5.353,10.200,41.118,-37.720,-32.776,-32.426,-39.911,-28.721,20.345,61.349
714,-5.455,28.536,2.280,2.780,8.264,37.645,-46.722,-51.028,-40.646,-35.832,-4.006,38.733,69.216
715,-4.713,16.736,1.428,5.138,10.099,36.766,-49.253,-46.859,-43.290,-30.295,-14.268,16.112,71.590
716,-7.126,20.403,1.121,4.349,6.553,38.976,-41.440,-33.049,-43.947,-38.237,-9.867,34.964,86.058
717,-6.111,21.471,-0.096,4.899,10.730,44.273,-42.526,-27.300,-44.487,-33.020,-21.903,23.055,79.751
718,-6.541,11.104,1.786,7.931,6.428,40.001,-43.138,-39.709,-44.729,-33.573,-13.892,33.945,82.673
719,-5.579,20.838,0.597,3.670,8.786,42.417,-38.296,-35.314,-48.688,-45.041,-3.055,38.345,79.055
720,-3.902,23.143,-0.732,4.549,12.451,41.348,-42.617,-42.202,-42.914,-33.956,-19.245,20.798,71.233
721,-4.729,19.782,2.044,8.341,10.247,37.947,-50.982,-41.868,-44.537,-31.047,-13.057,15.239,69.896
722,-7.344,21.251,-0.526,7.571,11.822,43.624,-44.932,-27.149,-50.394,-41.855,-17.572,46.967,79.208
723,-4.975,14.803,0.472,4.128,6.203,40.642,-38.194,-23.044,-65.365,-28.721,-16.240,27.749,77.750
724,-5.874,13.958,1.891,6.506,7.544,38.957,-41.759,-40.104,-37.926,-42.185,-18.158,26.929,80.566
725,-5.675,23.002,1.710,8.291,11.299,44.080,-45.289,-37.245,-38.714,-31.547,-6.278,26.680,74.191
726,-4.841,28.027,1.456,5.302,8.348,37.076,-54.776,-44.687,-52.512,-32.260,-22.246,20.694,77.316
727,-5.391,17.589,1.904,8.754,6.812,37.566,-45.696,-35.935,-35.802,-29.350,-13.926,41.419,71.752
728,-5.911,31.037,3.325,5.291,8.706,43.005,-50.264,-43.016,-51.877,-35.303,0.341,29.600,59.173
729,-3.648,19.682,2.086,5.376,8.431,43.814,-42.640,-38.640,-41.342,-42.252,-11.784,29.807,68.605
730,-7.191,13.309,-0.745,8.156,8.181,41.868,-44.734,-36.659,-43.474,-46.544,-1.515,21.992,87.886
731,-3.960,24.710,0.836,7.848,13.423,43.520,-31.810,-35.068,-48.088,-38.915,-27.544,20.308,66.871
732,-5.264,10.894,3.066,6.676,7.000,45.597,-43.727,-38.336,-43.705,-29.632,-24.472,41.583,65.558
733,-4.911,17.317,-0.340,6.741,10.534,42.763,-46.434,-50.051,-43.561,-38.286,-24.192,28.916,71.805
734,-6.140,14.716,0.435,-0.245,6.483,43.367,-51.359,-36.234,-26.422,-39.752,-15.083,30.941,78.475
735,-6.316,9.359,1.728,4.699,14.230,37.594,-33.213,-36.401,-59.941,-42.486,-14.666,29.073,72.357
736,-5.181,21.206,1.389,8.076,7.248,42.033,-35.150,-41.163,-32.584,-34.252,-9.098,35.983,70.550
737,-6.573,22.055,0.144,7.507,11.161,42.185,-42.291,-41.272,-38.272,-44.035,-17.000,21.633,67.446
738,-8.020,12.107,1.241,4.353,7.829,42.762,-40.463,-42.708,-33.956,-28.866,-17.388,35.852,84.322
739,-5.735,19.302,0.498,-0.579,9.811,40.997,-41.927,-44.406,-39.165,-29.785,1.435,20.182,78.096
740,-5.407,12.696,-1.252,4.771,10.161,34.843,-45.478,-41.599,-33.699,-25.013,-28.999,31.968,79.871
741,-4.986,19.065,1.976,5.283,10.928,42.242,-43.704,-40.699,-52.803,-33.765,-6.025,23.340,85.171
742,-6.427,18.147,0.062,4.788,10.653,38.711,-47.862,-37.768,-55.202,-36.364,-12.211,24.604,76.750
743,-4.851,24.534,2.085,8.600,15.864,37.981,-41.758,-31.624,-37.883,-34.654,-20.192,17.657,57.175
744,-4.196,23.912,0.983,0.260,9.941,48.058,-44.768,-43.280,-60.084,-28.447,-30.995,23.040,69.879
745,-3.619,27.840,1.833,3.606,13.562,40.309,-48.062,-38.857,-67.840,-41.097,-6.273,18.416,56.651
746,-3.902,23.143,-0.732,4.549,12.451,41.348,-42.617,-42.202,-42.914,-33.956,-19.245,20.798,60.998
747,-4.127,28.024,1.770,5.401,12.671,41.967,-45.632,-37.071,-50.921,-47.164,-25.203,27.142,60.477
748,-6.125,20.268,3.847,5.042,10.598,42.591,-33.226,-37.585,-57.344,-32.555,-28.891,16.009,65.058
749,-7.103,20.958,0.413,4.099,11.748,42.991,-49.095,-42.109,-31.007,-45.236,-15.191,27.476,88.942
750,-3.462,22.803,3.065,5.445,11.709,43.963,-43.228,-33.282,-36.888,-40.733,-6.683,32.329,68.076
751,-6.172,18.465,4.994,13.459,10.635,46.344,-51.751,-36.058,-46.604,-31.099,-18.011,38.598,55.962
752,-4.904,17.356,0.839,6.583,11.503,40.794,-43.298,-36.683,-37.412,-29.344,-15.908,46.935,75.082
753,-2.590,27.719,1.998,9.546,10.658,39.796,-48.366,-38.836,-49.620,-37.199,-27.028,36.263,60.753
754,-4.786,23.604,3.299,5.954,12.228,41.060,-36.596,-39.342,-45.708,-39.453,-30.397,16.454,70.286
755,-6.125,20.268,3.847,5.042,10.598,42.591,-33.226,-37.585,-57.344,-32.555,-28.891,16.009,63.592
756,-6.032,24.645,2.154,2.051,10.599,39.213,-42.472,-20.986,-23.006,-32.162,-1.541,28.274,82.068
757,-6.590,19.219,0.838,4.584,12.067,43.024,-47.205,-38.941,-58.729,-26.419,-24.636,13.323,65.442
758,-6.316,9.359,1.728,4.699,14.230,37.594,-33.213,-36.401,-59.941,-42.486,-14.666,29.073,72.364
759,-6.083,23.683,3.457,8.420,5.796,42.933,-40.842,-49.647,-41.270,-36.172,-8.665,16.676,65.411
760,-3.953,23.495,2.926,-0.456,13.606,40.304,-44.982,-34.750,-44.912,-34.100,-20.779,24.584,56.437
761,-5.808,19.365,2.545,9.620,10.979,46.014,-44.894,-34.293,-35.164,-42.498,2.266,28.842,69.554
762,-6.305,26.585,3.965,10.569,7.525,43.468,-41.252,-33.802,-43.821,-35.072,-37.691,6.720,57.798
763,-6.163,19.753,0.066,6.040,7.449,43.176,-51.425,-39.196,-34.713,-29.558,-8.153,24.176,85.992
764,-4.997,19.996,1.121,1.343,9.645,41.646,-52.255,-28.646,-35.128,-30.428,-11.823,43.581,78.816
765,-4.430,20.609,3.225,11.163,11.431,38.638,-46.445,-35.098,-49.654,-35.949,-10.683,18.664,61.774
766,-5.609,15.785,3.320,9.295,11.709,38.955,-44.399,-46.883,-34.353,-33.350,-15.886,26.233,68.936
767,-4.703,24.712,0.767,5.644,11.515,39.735,-48.607,-54.223,-49.076,-36.550,-29.744,33.881,63.679
768,-6.513,10.582,1.702,5.493,7.544,47.485,-45.431,-39.025,-50.946,-33.097,-22.755,38.022,77.696
769,-3.873,26.082,4.052,8.332,12.423,38.504,-38.019,-42.327,-44.391,-36.625,-7.571,19.243,54.257
770,-4.889,15.813,0.698,7.178,8.946,40.536,-41.742,-24.417,-27.520,-37.169,-15.505,33.793,66.097
771,-6.492,25.425,3.061,4.619,10.946,40.730,-43.440,-37.386,-25.453,-28.753,-24.870,25.181,62.413
772,-7.951,29.293,-0.903,2.683,5.678,46.192,-45.170,-37.533,-35.363,-41.341,-13.049,37.350,77.873
773,-7.285,7.473,1.724,8.090,10.049,38.121,-43.872,-28.310,-40.002,-34.895,-6.066,38.362,76.856
774,-4.209,23.766,2.424,2.917,11.268,43.268,-47.050,-26.519,-50.658,-50.564,-7.416,13.581,60.030
775,-5.442,11.462,2.067,9.756,6.562,41.301,-46.717,-33.174,-31.559,-42.669,-22.681,42.615,81.663
776,-5.772,22.702,-0.276,9.360,10.997,42.633,-49.216,-41.038,-40.908,-37.279,-9.951,16.598,84.831
777,-6.424,20.180,0.527,7.760,7.717,40.539,-38.824,-37.981,-39.194,-31.310,-13.267,6.974,61.959
778,-6.789,14.190,-0.551,2.974,10.379,44.052,-42.244,-40.505,-15.431,-40.124,5.752,15.316,80.996
779,-4.424,20.742,0.363,5.003,7.826,37.152,-40.964,-31.222,-23.349,-42.742,-17.363,18.467,66.524
780,-7.126,20.403,1.121,4.349,6.553,38.976,-41.440,-33.049,-43.947,-38.237,-9.867,34.964,85.106
781,-5.748,17.734,2.900,6.450,10.750,38.531,-37.171,-33.148,-34.892,-42.726,-12.308,38.780,58.202
782,-5.829,21.648,4.267,2.746,7.862,40.831,-45.263,-29.915,-51.045,-29.993,-17.747,29.489,80.646
783,-5.039,23.889,-0.666,1.857,9.098,47.172,-46.801,-37.720,-56.438,-31.224,-20.610,35.939,78.276
784,-4.427,27.162,0.884,5.018,10.481,39.551,-46.440,-43.712,-47.879,-46.488,-29.260,34.601,63.840
785,-5.960,29.586,-1.181,7.376,11.055,35.925,-48.329,-40.442,-29.804,-45.216,-21.789,25.799,72.992
786,-6.110,20.760,1.244,12.580,8.646,37.608,-43.545,-40.915,-41.906,-35.133,-18.483,36.929,65.332
787,-6.439,14.169,-0.139,6.540,11.137,33.574,-46.898,-29.589,-53.120,-34.262,-9.304,37.422,86.282
788,-5.404,13.432,1.236,5.604,7.166,40.395,-50.112,-42.966,-38.954,-36.165,-3.633,26.805,76.849
789,-5.353,20.778,1.548,8.214,9.555,41.484,-46.572,-38.463,-63.511,-37.957,-8.944,33.066,61.122
790,-4.411,28.822,2.515,13.013,9.655,40.162,-37.871,-38.770,-50.757,-47.843,-21.221,28.347,60.820
791,-6.638,15.767,-2.275,2.930,10.300,43.135,-45.250,-36.261,-47.578,-40.555,-15.040,39.998,86.572
792,-4.965,26.631,0.626,8.928,10.852,42.702,-43.370,-36.117,-41.239,-38.280,-26.944,25.935,66.142
793,-6.160,18.826,0.055,5.090,12.805,40.207,-48.061,-44.988,-54.279,-34.290,-4.159,30.548,80.960
794,-4.521,23.092,4.344,4.007,9.780,38.630,-43.166,-33.883,-41.651,-33.151,-2.762,16.322,61.376
795,-4.365,21.792,3.342,13.617,9.360,39.514,-46.883,-34.692,-27.095,-35.429,-30.641,9.602,53.707
796,-4.640,19.216,2.255,8.911,8.555,40.819,-39.219,-46.647,-46.286,-29.449,-20.806,39.425,78.246
797,-7.472,11.448,0.737,3.534,10.105,39.754,-40.449,-32.781,-41.837,-38.214,-18.684,31.088,83.827
798,-6.118,24.227,2.249,3.415,10.123,39.842,-36.087,-37.132,-37.661,-37.489,-8.862,25.784,69.256
799,-6.024,13.119,0.737,1.721,10.680,38.922,-46.765,-42.652,-42.024,-45.581,-5.921,19.985,77.082
800,-5.745,14.213,2.280,5.167,11.944,44.617,-42.763,-39.742,-46.515,-35.031,-13.932,20.805,77.213
801,-5.130,38.315,2.537,6.486,8.441,43.496,-43.562,-32.986,-43.464,-45.874,-16.603,35.905,49.489
802,-5.252,16.256,-0.255,1.053,8.567,42.236,-42.649,-38.775,-27.703,-34.844,-22.628,35.362,72.991
803,-6.458,21.972,3.802,1.883,8.171,39.324,-56.052,-36.847,-59.794,-34.555,-17.180,34.800,59.379
804,-4.750,16.039,-0.708,6.315,11.293,43.272,-41.126,-47.621,-54.057,-36.454,-34.026,29.960,53.305
805,-4.604,24.672,1.537,10.676,8.772,40.460,-45.219,-33.381,-43.194,-31.573,-19.826,22.219,45.502
806,-4.305,17.806,3.582,4.864,11.230,39.697,-44.277,-36.443,-46.350,-18.619,-6.772,28.631,51.241
807,-4.989,15.371,2.151,8.240,6.227,39.854,-49.799,-37.037,-42.791,-40.360,-20.742,31.581,61.106
808,-5.990,20.110,1.398,4.627,8.742,43.097,-47.074,-27.960,-53.504,-25.546,-15.829,14.407,58.082
809,-6.619,18.340,2.705,3.629,12.476,42.136,-51.184,-36.915,-42.477,-31.304,-6.496,35.869,57.472
810,-6.766,11.823,-0.060,3.215,7.451,39.983,-48.684,-45.600,-41.470,-30.179,-13.234,40.204,64.658
811,-5.277,24.823,2.142,6.359,9.103,43.824,-51.618,-49.287,-53.516,-27.665,-10.372,17.819,48.104
812,-5.161,28.564,2.241,7.644,10.548,40.050,-38.744,-36.990,-44.892,-39.534,-11.530,19.387,38.154
813,-6.560,8.892,1.224,8.235,9.600,39.410,-51.411,-27.783,-47.619,-29.717,-17.031,36.264,62.162
814,-5.455,28.536,2.280,2.780,8.264,37.645,-46.722,-51.028,-40.646,-35.832,-4.006,38.733,64.105
815,-4.244,32.542,1.413,2.342,7.621,40.378,-41.538,-34.996,-55.093,-22.748,-23.894,23.403,49.727
816,-7.385,13.908,3.430,3.450,7.851,41.420,-47.591,-28.073,-51.663,-34.438,-10.365,36.699,65.117
817,-4.404,19.954,2.693,11.245,9.724,43.839,-52.499,-27.598,-42.568,-42.543,-8.423,28.178,45.968
818,-4.265,27.349,0.610,5.029,9.857,41.785,-41.743,-32.294,-34.605,-29.645,-21.223,7.877,47.497
819,-5.741,14.855,3.582,6.251,10.687,44.505,-42.784,-35.663,-50.205,-42.825,-19.561,13.299,42.609
820,-5.278,20.720,2.442,8.217,12.639,42.488,-42.587,-23.578,-48.093,-42.138,-21.691,26.121,55.516
821,-7.032,15.909,1.424,10.031,9.415,36.176,-37.449,-30.790,-60.830,-29.423,-15.532,28.228,65.490
822,-4.265,27.349,0.610,5.029,9.857,41.785,-41.743,-32.294,-34.605,-29.645,-21.223,7.877,44.680
823,-4.489,24.049,-0.003,2.201,13.311,41.262,-50.119,-36.971,-40.553,-37.333,-13.533,18.042,63.978
824,-4.731,14.704,-0.374,2.297,10.246,39.163,-49.904,-25.782,-45.041,-33.267,-14.261,17.526,64.377
825,-6.832,26.176,0.564,2.867,11.211,45.502,-45.483,-32.525,-47.847,-29.760,-12.165,36.903,41.550
826,-4.654,20.871,1.291,7.260,12.095,45.041,-42.394,-39.175,-26.918,-40.095,-14.412,29.498,46.708
827,-3.873,26.082,4.052,8.332,12.423,38.504,-38.019,-42.327,-44.391,-36.625,-7.571,19.243,36.875
828,-4.265,27.349,0.610,5.029,9.857,41.785,-41.743,-32.294,-34.605,-29.645,-21.223,7.877,47.280
829,-3.462,22.803,3.065,5.445,11.709,43.963,-43.228,-33.282,-36.888,-40.733,-6.683,32.329,43.535
830,-5.642,11.485,0.873,5.263,11.176,40.475,-41.679,-41.314,-60.387,-45.959,2.332,34.815,69.782
831,-5.333,10.074,0.094,12.567,6.550,47.397,-42.366,-42.720,-49.744,-41.467,-15.192,23.025,51.317
832,-5.769,23.522,0.941,6.485,13.487,42.740,-53.330,-30.331,-54.498,-46.423,-18.034,6.814,51.766
833,-5.724,24.918,2.371,6.873,8.593,43.251,-46.265,-37.407,-38.514,-28.024,-12.950,42.668,65.118
834,-5.220,18.756,0.485,6.199,10.430,40.576,-45.102,-33.417,-46.429,-45.014,-20.864,26.531,46.994
835,-7.206,14.368,1.386,9.297,10.079,35.847,-48.375,-36.822,-53.743,-39.679,-10.106,35.538,64.104
836,-4.673,20.742,1.779,6.591,8.841,45.500,-40.084,-39.058,-20.539,-37.463,-14.395,27.299,61.860
837,-4.124,27.626,-0.161,6.560,11.175,44.780,-54.367,-42.366,-42.007,-37.077,-11.801,44.477,49.240
838,-4.731,14.704,-0.374,2.297,10.246,39.163,-49.904,-25.782,-45.041,-33.267,-14.261,17.526,70.732
839,-4.978,20.410,1.463,8.424,14.867,44.962,-47.035,-40.486,-41.442,-31.491,-15.719,14.204,50.267
840,-5.278,20.720,2.442,8.217,12.639,42.488,-42.587,-23.578,-48.093,-42.138,-21.691,26.121,45.545
841,-6.217,15.042,3.122,1.559,9.543,40.587,-46.286,-18.693,-33.986,-30.422,-19.400,27.216,69.760
842,-6.541,11.104,1.786,7.931,6.428,40.001,-43.138,-39.709,-44.729,-33.573,-13.892,33.945,65.206
843,-6.749,17.521,0.437,3.907,14.673,42.268,-41.440,-44.503,-44.927,-40.112,-6.203,28.348,65.756
844,-4.466,20.410,1.889,2.516,9.563,40.272,-48.759,-36.628,-55.389,-42.294,-22.398,16.893,57.450
845,-4.265,27.349,0.610,5.029,9.857,41.785,-41.743,-32.294,-34.605,-29.645,-21.223,7.877,44.885
846,-5.186,17.180,0.583,1.942,8.221,38.895,-35.254,-43.263,-41.422,-34.189,-0.833,51.883,71.502
847,-4.865,23.115,-3.120,12.976,9.330,38.743,-53.383,-31.720,-34.611,-23.962,-20.051,25.176,66.591
848,-4.784,18.221,4.247,11.456,9.846,40.169,-41.938,-38.795,-61.872,-37.222,-35.722,22.427,53.440
849,-6.531,19.531,2.992,11.921,9.055,38.118,-46.890,-47.857,-50.732,-33.962,-29.438,32.644,58.259
850,-6.118,24.227,2.249,3.415,10.123,39.842,-36.087,-37.132,-37.661,-37.489,-8.862,25.784,51.650
851,-4.196,23.912,0.983,0.260,9.941,48.058,-44.768,-43.280,-60.084,-28.447,-30.995,23.040,54.080
852,-5.317,19.061,0.635,9.483,11.098,39.270,-38.707,-34.082,-25.896,-28.832,-6.950,41.784,50.663
853,-5.494,12.342,2.605,2.485,8.004,40.034,-40.746,-31.623,-42.576,-39.423,0.550,29.482,64.950
854,-6.832,26.176,0.564,2.867,11.211,45.502,-45.483,-32.525,-47.847,-29.760,-12.165,36.903,53.841
855,-6.025,17.089,1.364,4.739,9.979,45.866,-49.827,-30.092,-34.826,-38.574,-11.210,24.635,66.536
856,-6.436,29.902,1.132,5.785,9.526,41.170,-33.736,-39.433,-38.374,-36.885,-16.064,34.093,65.933
857,-4.427,27.162,0.884,5.018,10.481,39.551,-46.440,-43.712,-47.879,-46.488,-29.260,34.601,55.966
858,-7.126,20.403,1.121,4.349,6.553,38.976,-41.440,-33.049,-43.947,-38.237,-9.867,34.964,67.446
859,-5.942,12.664,-1.649,8.080,11.291,39.300,-46.717,-41.557,-28.572,-44.524,3.582,2.867,57.429
860,-7.341,28.126,3.060,12.853,10.056,38.524,-56.042,-30.707,-28.357,-34.061,2.384,26.631,66.479
861,-6.111,21.471,-0.096,4.899,10.730,44.273,-42.526,-27.300,-44.487,-33.020,-21.903,23.055,62.160
862,-5.235,28.093,2.776,8.042,11.568,40.175,-48.457,-34.247,-44.042,-36.286,-16.553,34.218,46.385
863,-3.897,22.443,3.020,4.864,11.639,40.209,-45.832,-44.883,-32.516,-38.457,-26.650,8.894,44.546
864,-4.577,26.579,2.885,7.656,11.223,42.338,-47.640,-46.016,-53.122,-30.053,-16.134,11.942,47.665
865,-6.923,17.634,-1.736,5.535,10.324,36.212,-53.432,-41.579,-42.422,-35.324,-19.941,27.160,59.907
866,-3.885,25.143,-1.888,7.045,9.483,49.277,-49.697,-38.170,-39.961,-46.549,-15.270,22.482,46.848
867,-3.885,25.143,-1.888,7.045,9.483,49.277,-49.697,-38.170,-39.961,-46.549,-15.270,22.482,48.657
868,-7.103,20.958,0.413,4.099,11.748,42.991,-49.095,-42.109,-31.007,-45.236,-15.191,27.476,80.514
869,-6.844,18.800,-1.147,8.277,7.552,43.678,-48.557,-35.461,-47.217,-31.974,-5.552,36.384,57.136
870,-4.320,20.739,4.457,9.475,11.109,37.223,-44.414,-36.341,-47.439,-34.699,-30.275,22.897,45.709
871,-6.513,10.582,1.702,5.493,7.544,47.485,-45.431,-39.025,-50.946,-33.097,-22.755,38.022,66.714
872,-5.376,19.099,1.565,9.126,10.025,39.701,-35.716,-33.670,-54.393,-40.840,-4.366,32.689,62.040
873,-4.315,23.737,2.266,-0.053,10.150,43.137,-40.438,-44.545,-43.929,-17.516,-19.774,31.542,59.534
874,-3.014,17.251,3.134,8.245,12.171,40.673,-45.094,-34.343,-50.677,-35.886,-14.548,21.252,48.915
875,-6.377,20.348,0.264,10.128,9.554,41.034,-43.957,-39.608,-15.606,-32.772,5.151,28.862,64.511
876,-4.321,24.657,3.394,10.339,12.024,42.270,-40.545,-35.563,-34.900,-40.119,-12.163,24.289,50.454
877,-4.393,20.651,1.542,8.509,12.941,39.989,-51.342,-40.079,-35.353,-39.606,-27.347,19.609,45.395
878,-4.976,21.805,0.045,7.743,11.660,36.005,-37.511,-37.826,-39.610,-30.336,-13.151,28.919,61.551
879,-6.529,23.405,0.817,11.671,9.521,36.213,-44.286,-32.541,-64.147,-40.877,-29.397,23.939,49.200
880,-5.007,7.381,-0.956,7.738,7.457,39.179,-39.320,-36.097,-52.833,-47.969,-18.615,30.136,63.329
881,-5.509,23.274,-1.173,6.718,12.146,40.278,-45.101,-39.702,-55.234,-28.475,-11.676,7.250,47.085
882,-6.598,9.806,0.898,4.556,10.351,40.053,-52.333,-34.556,-47.542,-20.463,-15.049,27.235,71.444
883,-5.774,18.254,0.861,-0.513,8.847,45.685,-41.693,-29.917,-38.885,-35.122,0.540,33.790,72.058
884,-5.539,21.568,-0.676,3.585,9.032,34.770,-36.241,-40.946,-48.398,-34.322,-3.657,43.171,59.091
885,-5.563,17.187,3.056,10.772,6.194,35.385,-43.435,-40.669,-43.771,-31.257,-17.555,9.475,47.901
886,-5.444,18.750,-1.312,11.566,8.774,41.197,-48.449,-45.612,-53.803,-35.859,-4.755,25.433,63.658
887,-5.724,23.163,0.331,0.568,9.404,41.782,-44.593,-41.866,-59.598,-43.348,-25.727,15.516,49.866
888,-4.783,30.578,3.662,6.206,11.755,42.554,-39.782,-25.353,-40.772,-46.410,-17.675,27.608,47.423
889,-4.244,32.542,1.413,2.342,7.621,40.378,-41.538,-34.996,-55.093,-22.748,-23.894,23.403,38.787
890,-6.536,9.659,0.221,3.942,7.558,42.774,-34.417,-35.905,-66.165,-26.622,-0.480,33.341,68.585
891,-4.498,28.625,1.128,6.700,8.230,42.497,-46.635,-37.076,-57.838,-50.400,-23.694,14.273,44.168
892,-7.206,14.368,1.386,9.297,10.079,35.847,-48.375,-36.822,-53.743,-39.679,-10.106,35.538,59.130
893,-5.025,7.644,1.255,3.922,11.570,45.962,-51.162,-34.742,-58.019,-31.231,-6.415,24.731,60.850
894,-5.026,30.064,-0.162,8.803,7.150,33.435,-33.303,-29.587,-36.826,-40.805,-9.740,44.645,52.583
895,-6.949,15.936,1.174,3.844,9.294,43.179,-48.336,-36.971,-48.358,-40.462,-16.612,32.593,71.171
896,-5.362,16.586,1.569,6.493,9.389,44.288,-50.577,-40.768,-46.524,-28.410,-16.109,33.110,63.351
897,-6.305,26.585,3.965,10.569,7.525,43.468,-41.252,-33.802,-43.821,-35.072,-37.691,6.720,46.161
898,-3.814,20.554,0.676,9.478,9.479,42.430,-43.379,-35.648,-40.528,-29.061,0.454,21.903,59.118
899,-3.480,21.372,4.087,8.582,8.895,40.649,-45.566,-36.958,-39.494,-37.583,-23.411,32.503,46.242
900,-4.619,29.787,2.326,9.670,13.605,39.546,-39.859,-31.948,-30.435,-34.797,-15.408,12.733,43.190
901,-6.552,9.501,1.715,6.908,11.923,38.139,-43.164,-26.308,-32.771,-46.307,-16.481,23.208,66.116
902,-4.985,22.268,2.238,9.583,10.962,42.293,-39.092,-34.603,-45.676,-36.431,-17.629,26.774,48.398
903,-4.985,22.268,2.238,9.583,10.962,42.293,-39.092,-34.603,-45.676,-36.431,-17.629,26.774,43.947
904,-4.244,32.542,1.413,2.342,7.621,40.378,-41.538,-34.996,-55.093,-22.748,-23.894,23.403,42.433
905,-7.212,9.603,0.318,8.582,8.189,43.982,-38.043,-48.028,-41.227,-52.329,-8.081,22.750,61.532
906,-4.841,28.027,1.456,5.302,8.348,37.076,-54.776,-44.687,-52.512,-32.260,-22.246,20.694,58.671
907,-6.721,25.041,0.398,7.164,13.604,42.873,-41.934,-30.074,-59.796,-26.386,-15.571,21.053,55.732
908,-5.003,22.890,2.448,10.371,11.807,43.106,-48.109,-34.114,-67.103,-34.880,-4.399,32.173,56.693
909,-5.541,25.079,-1.819,1.158,11.793,39.661,-47.113,-37.325,-34.593,-39.693,-7.646,20.995,55.005
910,-4.773,20.891,2.247,1.641,11.231,42.359,-53.930,-38.452,-37.637,-29.768,-23.841,14.827,46.363
911,-5.513,14.213,0.920,3.082,11.349,45.052,-41.548,-34.459,-57.657,-29.734,5.329,34.583,69.761
912,-3.905,17.043,1.642,5.787,11.278,40.788,-49.523,-37.811,-35.940,-34.252,-34.881,14.646,54.856
913,-6.949,15.936,1.174,3.844,9.294,43.179,-48.336,-36.971,-48.358,-40.462,-16.612,32.593,77.665
914,-3.941,23.893,2.150,7.277,11.864,41.072,-50.970,-22.491,-28.374,-36.832,-24.983,28.318,48.769
915,-4.044,21.501,3.117,5.288,13.957,46.362,-37.279,-30.307,-51.121,-46.854,-15.446,35.932,47.120
916,-2.896,28.755,3.532,14.125,8.871,42.398,-48.621,-31.169,-52.022,-38.862,-7.385,27.805,47.567
917,-4.044,21.501,3.117,5.288,13.957,46.362,-37.279,-30.307,-51.121,-46.854,-15.446,35.932,45.174
918,-3.872,24.340,-2.387,6.658,8.034,43.266,-47.096,-30.287,-52.521,-36.290,-25.951,29.260,43.500
919,-6.219,24.945,3.388,4.026,10.438,39.109,-43.465,-32.427,-68.841,-43.489,-8.818,31.138,57.272
920,-7.103,20.958,0.413,4.099,11.748,42.991,-49.095,-42.109,-31.007,-45.236,-15.191,27.476,70.966
921,-4.358,22.998,3.028,10.020,11.322,42.735,-46.149,-42.677,-68.208,-39.404,-17.466,23.875,49.373
922,-5.814,26.485,2.361,5.623,11.109,45.385,-44.522,-34.588,-37.493,-22.945,-28.905,34.346,58.695
923,-8.020,12.107,1.241,4.353,7.829,42.762,-40.463,-42.708,-33.956,-28.866,-17.388,35.852,72.066
924,-4.648,26.176,4.859,5.322,12.919,43.442,-39.597,-33.353,-46.817,-38.863,-20.255,9.719,38.201
925,-6.316,22.635,1.610,2.674,8.875,37.233,-50.869,-39.564,-40.214,-43.308,-5.688,26.194,66.760
926,-5.874,14.371,0.713,4.070,7.407,42.036,-37.207,-32.162,-31.661,-31.411,-11.842,34.691,54.121
927,-3.630,30.282,2.662,8.242,10.320,41.487,-45.002,-34.818,-47.025,-33.575,-40.454,3.082,44.761
928,-6.217,15.042,3.122,1.559,9.543,40.587,-46.286,-18.693,-33.986,-30.422,-19.400,27.216,66.747
929,-6.529,21.914,0.551,10.211,9.970,41.697,-50.074,-34.708,-47.402,-30.999,-29.815,35.204,58.579
930,-5.887,24.414,2.416,7.414,10.232,41.474,-52.591,-44.534,-51.899,-39.525,-16.291,22.004,50.039
931,-4.870,39.675,2.017,1.870,9.878,41.631,-40.441,-40.878,-43.617,-35.287,-27.970,13.203,47.225
932,-4.500,16.123,0.828,7.316,9.401,37.990,-44.819,-34.971,-46.010,-32.914,-12.859,10.453,58.337
933,-6.513,10.582,1.702,5.493,7.544,47.485,-45.431,-39.025,-50.946,-33.097,-22.755,38.022,70.931
934,-4.387,19.193,1.111,15.072,10.189,40.443,-44.833,-26.949,-42.686,-23.302,-14.402,29.819,52.148
935,-5.772,22.702,-0.276,9.360,10.997,42.633,-49.216,-41.038,-40.908,-37.279,-9.951,16.598,70.036
936,-4.841,28.027,1.456,5.302,8.348,37.076,-54.776,-44.687,-52.512,-32.260,-22.246,20.694,64.427
937,-6.766,11.823,-0.060,3.215,7.451,39.983,-48.684,-45.600,-41.470,-30.179,-13.234,40.204,61.821
938,-6.111,21.471,-0.096,4.899,10.730,44.273,-42.526,-27.300,-44.487,-33.020,-21.903,23.055,55.608
939,-5.091,32.537,4.300,9.665,10.658,46.596,-45.813,-38.121,-53.897,-24.510,-7.053,6.740,48.307
940,-5.147,24.211,2.730,4.311,9.729,45.692,-43.975,-34.398,-40.252,-29.450,-20.355,20.982,56.052
941,-3.206,25.890,0.866,-0.722,9.647,37.169,-49.453,-26.923,-51.496,-37.617,-7.536,37.108,41.299
942,-5.167,17.127,-0.651,8.102,8.480,44.413,-44.788,-30.891,-40.801,-23.141,2.350,15.792,59.733
943,-5.513,14.213,0.920,3.082,11.349,45.052,-41.548,-34.459,-57.657,-29.734,5.329,34.583,69.820
944,-6.711,14.429,-0.428,4.797,7.790,42.162,-39.180,-41.417,-33.720,-37.648,-2.506,17.514,66.912
945,-3.990,14.649,1.940,2.899,12.967,39.490,-42.192,-39.073,-39.282,-31.125,-36.289,34.928,44.667
946,-4.778,22.345,1.154,3.037,9.828,38.823,-39.345,-41.435,-36.282,-45.349,-29.006,19.156,47.411
947,-6.264,20.270,-1.773,3.004,9.516,40.704,-35.504,-31.362,-38.850,-34.321,-13.211,28.262,64.033
948,-5.362,16.586,1.569,6.493,9.389,44.288,-50.577,-40.768,-46.524,-28.410,-16.109,33.110,71.839
949,-4.124,27.626,-0.161,6.560,11.175,44.780,-54.367,-42.366,-42.007,-37.077,-11.801,44.477,48.089
950,-5.002,21.221,0.650,2.210,10.317,34.750,-41.291,-31.938,-48.268,-23.995,-21.081,14.566,48.257
951,-6.319,21.829,3.032,5.374,10.128,43.234,-45.281,-42.264,-51.194,-28.338,-10.465,24.900,55.355
952,-6.719,14.958,2.686,7.150,9.654,36.778,-32.547,-44.512,-55.248,-42.347,4.393,29.658,69.591
953,-5.579,20.838,0.597,3.670,8.786,42.417,-38.296,-35.314,-48.688,-45.041,-3.055,38.345,58.875
954,-5.048,15.589,3.463,10.787,8.885,40.869,-42.181,-35.096,-68.683,-43.303,-15.370,12.115,53.484
955,-6.654,24.692,1.541,8.901,11.416,40.436,-49.554,-36.931,-27.077,-47.198,-20.833,26.620,56.080
956,-4.811,21.175,-0.448,6.940,10.245,37.328,-47.914,-45.655,-56.239,-41.416,-22.659,40.468,63.888
957,-3.220,24.039,0.836,5.406,9.654,45.441,-48.614,-17.370,-23.978,-36.407,-32.277,28.409,54.059
958,-6.366,12.262,0.162,0.410,11.234,38.091,-41.022,-39.505,-56.932,-34.330,-8.360,31.505,72.327
959,-3.387,21.364,3.553,5.372,11.690,45.621,-46.888,-24.771,-46.143,-42.219,-7.780,16.736,41.852
960,-3.629,23.295,2.479,8.716,14.287,42.158,-46.883,-36.538,-55.610,-33.314,7.648,14.692,47.667
961,-5.333,10.074,0.094,12.567,6.550,47.397,-42.366,-42.720,-49.744,-41.467,-15.192,23.025,56.633
962,-6.894,15.798,2.136,3.107,10.576,41.587,-51.090,-34.893,-40.171,-39.009,1.328,40.701,62.185
963,-3.941,23.893,2.150,7.277,11.864,41.072,-50.970,-22.491,-28.374,-36.832,-24.983,28.318,48.990
964,-5.252,16.256,-0.255,1.053,8.567,42.236,-42.649,-38.775,-27.703,-34.844,-22.628,35.362,63.378
965,-5.119,23.259,4.261,8.556,11.636,39.673,-46.159,-29.381,-50.423,-41.260,-28.022,4.466,42.057
966,-5.492,29.204,2.454,4.251,9.950,43.149,-40.149,-37.729,-33.695,-28.698,-19.131,24.811,57.293
967,-6.541,11.104,1.786,7.931,6.428,40.001,-43.138,-39.709,-44.729,-33.573,-13.892,33.945,65.085
968,-4.946,23.998,0.333,2.729,11.998,38.661,-51.341,-26.301,-48.776,-35.402,-8.300,31.238,68.554
969,-5.674,23.859,2.586,3.150,9.001,44.226,-50.776,-33.304,-40.071,-22.328,-26.140,20.434,53.118
970,-5.735,19.302,0.498,-0.579,9.811,40.997,-41.927,-44.406,-39.165,-29.785,1.435,20.182,73.477
971,-7.126,20.403,1.121,4.349,6.553,38.976,-41.440,-33.049,-43.947,-38.237,-9.867,34.964,67.942
972,-5.751,18.696,-0.819,-1.153,9.569,39.582,-43.657,-43.074,-42.046,-31.428,-7.113,33.667,68.169
973,-6.834,15.713,1.875,0.435,7.963,49.319,-50.446,-33.063,-51.862,-41.205,-2.619,35.012,60.812
974,-4.287,27.049,0.659,8.287,5.264,39.911,-38.335,-31.389,-36.827,-34.579,-21.696,26.663,52.969
975,-6.803,14.461,1.511,6.186,8.880,39.910,-49.406,-30.852,-42.618,-21.708,11.415,31.619,73.191
976,-6.894,15.798,2.136,3.107,10.576,41.587,-51.090,-34.893,-40.171,-39.009,1.328,40.701,62.962
977,-3.872,24.340,-2.387,6.658,8.034,43.266,-47.096,-30.287,-52.521,-36.290,-25.951,29.260,45.383
978,-7.592,18.751,-0.744,-0.093,8.527,39.556,-35.319,-33.932,-43.969,-38.083,-20.435,25.961,64.137
979,-3.220,24.039,0.836,5.406,9.654,45.441,-48.614,-17.370,-23.978,-36.407,-32.277,28.409,47.237
980,-4.864,32.080,3.782,5.289,10.125,41.341,-38.281,-33.098,-47.562,-34.830,-17.211,17.178,34.470
981,-4.358,22.998,3.028,10.020,11.322,42.735,-46.149,-42.677,-68.208,-39.404,-17.466,23.875,46.270
982,-2.590,27.719,1.998,9.546,10.658,39.796,-48.366,-38.836,-49.620,-37.199,-27.028,36.263,44.119
983,-5.791,32.596,3.129,9.718,12.772,39.036,-44.611,-31.566,-50.895,-29.810,-12.219,22.021,41.013
984,-4.554,24.517,0.356,9.347,13.268,44.566,-47.608,-23.861,-46.652,-49.085,-19.347,9.245,46.812
985,-3.382,32.047,3.879,9.011,13.187,40.484,-44.432,-34.755,-53.616,-38.053,-11.186,12.359,50.696
986,-4.278,21.871,3.385,8.538,10.802,40.627,-45.009,-49.010,-43.025,-55.685,-6.355,31.553,45.371
987,-7.191,13.309,-0.745,8.156,8.181,41.868,-44.734,-36.659,-43.474,-46.544,-1.515,21.992,62.988
988,-4.911,17.317,-0.340,6.741,10.534,42.763,-46.434,-50.051,-43.561,-38.286,-24.192,28.916,57.223
989,-7.472,11.448,0.737,3.534,10.105,39.754,-40.449,-32.781,-41.837,-38.214,-18.684,31.088,64.404
990,-6.771,12.005,-0.081,8.573,9.768,42.823,-41.175,-43.571,-41.214,-27.109,-4.583,33.896,68.248
991,-6.439,14.169,-0.139,6.540,11.137,33.574,-46.898,-29.589,-53.120,-34.262,-9.304,37.422,71.060
992,-5.264,26.011,2.630,7.653,13.676,42.478,-45.743,-42.161,-49.301,-29.780,-20.302,22.560,66.454
993,-5.741,19.800,3.509,6.383,8.902,48.519,-42.527,-29.922,-25.593,-43.005,-19.089,13.717,57.419
994,-3.891,22.311,4.088,11.991,10.602,34.827,-48.232,-28.680,-52.488,-28.384,-20.125,16.688,43.232
995,-6.429,19.285,1.831,5.265,12.846,42.160,-57.061,-30.428,-53.574,-37.011,-9.446,33.846,63.464
996,-5.942,12.664,-1.649,8.080,11.291,39.300,-46.717,-41.557,-28.572,-44.524,3.582,2.867,69.236
997,-4.640,19.216,2.255,8.911,8.555,40.819,-39.219,-46.647,-46.286,-29.449,-20.806,39.425,67.203
998,-6.949,15.936,1.174,3.844,9.294,43.179,-48.336,-36.971,-48.358,-40.462,-16.612,32.593,67.194
999,-6.404,20.968,1.452,4.524,7.651,45.180,-40.654,-29.098,-26.239,-35.813,-14.157,23.362,63.356
